Constituency,Political Party,Name,Votes
KWANIA COUNTY,NRM,AYOO TONNY,"14,981"
KWANIA COUNTY,INDEPENDENT,MAKMOT HENRY MILTON BONIMA,"6,195"
KWANIA COUNTY,INDEPENDENT,OGWAL EMMANUEL AGWENO,630
KWANIA COUNTY,FDC,OJOK ISAAC,536
KWANIA COUNTY,INDEPENDENT,ANOKBONGO WILLY WASHINGTON,"4,556"
KWANIA COUNTY,UPC,OGWAL GEOFFREY ALEX,"9,882"
MARUZI COUNTY,INDEPENDENT,OBURA GEORFFREY KODJO,"2,294"
MARUZI COUNTY,UFA,OMONGO NDUNGU,279
MARUZI COUNTY,NRM,AKAKI AYUMU JOVINO,"9,448"
MARUZI COUNTY,UPC,AKORA MAXWELL EBONG PATRICK,"24,598"
ARUA MUNICIPALITY,UPC,CEMARI NELSON,81
ARUA MUNICIPALITY,PPP,ASEGA HABIB,148
ARUA MUNICIPALITY,FDC,ATAKO A.F. AMINA,"1,216"
ARUA MUNICIPALITY,INDEPENDENT,AKBAR HUSSEIN GODI,0
ARUA MUNICIPALITY,DP,LEMERIGA FADHIL KUJO,51
ARUA MUNICIPALITY,NRM,AJEDRA GABRIEL GADISON ARIDRU,"8,106"
ARUA MUNICIPALITY,INDEPENDENT,BUGA MATATA YASIN,398
ARUA MUNICIPALITY,INDEPENDENT,ALEKUA JA'AFAR,"5,590"
ARUA MUNICIPALITY,INDEPENDENT,ADUTIA DOBAYO MALLON,96
AYIVU COUNTY,NRM,DRAVILLE BEN,"16,453"
AYIVU COUNTY,FDC,ATIKU BENARD,"18,496"
AYIVU COUNTY,UPC,ETUKIBO MOSES,"1,609"
AYIVU COUNTY,INDEPENDENT,ANGUFIRU MARGRET,"4,312"
MADI-OKOLLO COUNTY,INDEPENDENT,OGAMA ALLI ISMAIL,"4,495"
MADI-OKOLLO COUNTY,INDEPENDENT,EZALE ABUBAKER,373
MADI-OKOLLO COUNTY,NRM,DRITO MARTIN ANDI,"12,657"
MADI-OKOLLO COUNTY,FDC,ARUMADRI JOHN DRAZU,"6,858"
MADI-OKOLLO COUNTY,UPC,KAZA ADROA KELVIS,602
TEREGO COUNTY,INDEPENDENT,KAMURE PETER EDEMA,"2,009"
TEREGO COUNTY,UPC,ACEMAH HAROLD,513
TEREGO COUNTY,NRM,OBIGA MARIO KANIA,"20,507"
TEREGO COUNTY,FDC,WADRI KASSIANO EZATI,"23,863"
VURRA COUNTY,INDEPENDENT,OKUONZI SAM AGATRE,"14,522"
VURRA COUNTY,FDC,DRAMADRI LOUIS,"1,979"
VURRA COUNTY,DP,ALIMA SANTO,613
VURRA COUNTY,UPC,AGUPIO ANGOANDIA NICHOLAS SAMSON,472
BUGHENDERA COUNTY,FDC,SUNDAY APOLO,955
BUGHENDERA COUNTY,NRM,KIIZA ACROBERT MOSES,"9,591"
BUGHENDERA COUNTY,INDEPENDENT,MATTE JOSEPH SIBALINGHANA KIREGHEYA,"11,349"
BWAMBA COUNTY,INDEPENDENT,BAGUMA VIVIAN SIMOLLI,"13,822"
BWAMBA COUNTY,INDEPENDENT,MWESIGYE JOSHUA,"1,126"
BWAMBA COUNTY,NRM,KAMANDA COS BATARINGAYA,"16,527"
BUSHENYI -ISHAKA MUNICIPALITY,INDEPENDENT,MUTABAZI JULIUS,109
BUSHENYI -ISHAKA MUNICIPALITY,INDEPENDENT,NDUHURA MATHIUS,85
BUSHENYI -ISHAKA MUNICIPALITY,INDEPENDENT,MUGAMBAGYE MOSES TIBALYEBWA,79
BUSHENYI -ISHAKA MUNICIPALITY,INDEPENDENT,TAYEBWA ODO,"2,831"
BUSHENYI -ISHAKA MUNICIPALITY,INDEPENDENT,KIKURWE ISMAEL,98
BUSHENYI -ISHAKA MUNICIPALITY,INDEPENDENT,KATUNGWE R. FRANKLIN,"3,934"
BUSHENYI -ISHAKA MUNICIPALITY,NRM,BASAJJABALABA NASSER,"5,456"
BUSHENYI -ISHAKA MUNICIPALITY,INDEPENDENT,MUGERWA TIMOTHY YONNAH,263
IGARA COUNTY EAST,FDC,NUWABIINE MESHACH BAGARUKAYO,"5,090"
IGARA COUNTY EAST,NRM,MAWANDA MICHAEL MARANGA,"18,305"
IGARA COUNTY EAST,INDEPENDENT,MUNANURA YEYARD RUSHATUKA,"2,632"
IGARA COUNTY WEST,INDEPENDENT,AHABWE RUKIRA ELLY,"2,116"
IGARA COUNTY WEST,FDC,TUMWINE NABOTH,"2,276"
IGARA COUNTY WEST,NRM,MAGYEZI RAPHAEL,"25,741"
ASWA COUNTY,UPC,OOLA DAN ODIYA,571
ASWA COUNTY,INDEPENDENT,OKELLO PATRICK ONGUTI,"1,264"
ASWA COUNTY,FDC,OKUMU RONALD REAGAN,"15,542"
ASWA COUNTY,DP,OPOKA SIMON,"1,043"
ASWA COUNTY,PPP,ODOKONYERO CHARLES,145
ASWA COUNTY,NRM,OLWA JOHNSON AGARA BERMUDA,"5,341"
GULU MUNICIPALITY,INDEPENDENT,JOKKENE TIMOTHY,"4,375"
GULU MUNICIPALITY,FDC,ACIRE CHRISTOPHER,"10,265"
GULU MUNICIPALITY,INDEPENDENT,KOMAKECH HENRY KILAMA,708
GULU MUNICIPALITY,INDEPENDENT,OYAT FREDDY WATHUM DRINKWATER,157
GULU MUNICIPALITY,NRM,OCHORA MICHAEL,"4,061"
GULU MUNICIPALITY,DP,MWAKA EMMANUEL LUTUKUMOI,"7,420"
GULU MUNICIPALITY,UPC,OKEMA DENIS FRED,"3,465"
GULU MUNICIPALITY,INDEPENDENT,OKELLO SIMON PETER,93
GULU MUNICIPALITY,INDEPENDENT,PENYTOO DAVID ALEX OCENG,398
OMORO COUNTY,INDEPENDENT,KINYERA JULIUS WILFRED,321
OMORO COUNTY,INDEPENDENT,OLWENY HILLARY BANYA,350
OMORO COUNTY,INDEPENDENT,OKWERA CHARLES,272
OMORO COUNTY,INDEPENDENT,OKOT PETER,"4,377"
OMORO COUNTY,NRM,OULANYAH JACOB L'OKORI,"11,044"
OMORO COUNTY,UPC,OKECH-OKWEE YOLAM,762
OMORO COUNTY,PPP,MUGABE ROBERT,305
OMORO COUNTY,FDC,TOOLIT SIMON AKECHA,"9,088"
OMORO COUNTY,DP,ODONG LATEK STEPHEN,"3,803"
BUGAHYA COUNTY,FDC,WABYONA JACKSON RUGAMBWA,"8,543"
BUGAHYA COUNTY,PPP,AGABA RICHARD,401
BUGAHYA COUNTY,INDEPENDENT,TUMUSIIME SAMUEL,645
BUGAHYA COUNTY,INDEPENDENT,BYARUHANGA SAMUEL MILTON KYAKADONGO,"8,555"
BUGAHYA COUNTY,NRM,KIIZA RWEBEMBERA JAMES,"23,199"
BUHAGUZI COUNTY,FDC,BYAMUKAMA ONESMO,"1,253"
BUHAGUZI COUNTY,NRM,BIGIRWA JULIUS JUNJURA,"26,301"
BUHAGUZI COUNTY,INDEPENDENT,KYAHURWENDA TOMSON K. ABWOOLI,"15,033"
BUHAGUZI COUNTY,INDEPENDENT,TIBANYENDA JACKSON,882
BUHAGUZI COUNTY,INDEPENDENT,BYAKAGABA MICHEAL,131
HOIMA MUNICIPALITY,FDC,BAGUMA JOLLY PATRICK,"3,878"
HOIMA MUNICIPALITY,NRM,KAJURA HENRY MUGANWA,"13,235"
HOIMA MUNICIPALITY,UPC,KANDOLE SAFIYAN,204
HOIMA MUNICIPALITY,INDEPENDENT,BISOBORWA HILLARY,149
HOIMA MUNICIPALITY,INDEPENDENT,ISINGOMA PATRICK MWESIGWA,"8,068"
BUGWERI COUNTY,NRM,KIRUNDA KIVEJINJA ALI MUWAABE,"19,715"
BUGWERI COUNTY,UPC,MUYIRIMA SIMON,94
BUGWERI COUNTY,FDC,KATUNTU ABDU,"22,366"
BUGWERI COUNTY,LDT,MENYA MUHAMED NALUGODA,100
IGANGA MUNICIPALITY,INDEPENDENT,KAUDHA GRACE,408
IGANGA MUNICIPALITY,CP,NAIGUBYA TOMMY MUKWENDA,50
IGANGA MUNICIPALITY,FDC,MUDIOBOLE ABED NASSER,"6,652"
IGANGA MUNICIPALITY,NRM,MUGEMA PETER,"7,288"
IGANGA MUNICIPALITY,INDEPENDENT,MWIRI MED MOHAMED,987
KIGULU COUNTY NORTH,FDC,BADOGI ISMAIL WAGUMA,"5,851"
KIGULU COUNTY NORTH,NRM,BALIDDAWA EDWARD,"15,913"
KIGULU COUNTY NORTH,UFA,KAYIRIGI DENIS,308
KIGULU COUNTY NORTH,INDEPENDENT,WAGUMA SINANI WAKINYANKALI,"4,707"
KIGULU COUNTY SOUTH,FDC,BULAGALA MUSA KARIM,"3,229"
KIGULU COUNTY SOUTH,UFA,ISABIRYE PETER,318
KIGULU COUNTY SOUTH,INDEPENDENT,KALERA MAGERO MOSES,"2,269"
KIGULU COUNTY SOUTH,NRM,MUWUMA MILTON,"17,493"
BUTEMBE COUNTY,FDC,KIIRYA GRACE WANZALA,"16,019"
BUTEMBE COUNTY,NRM,DAUDI MIGEREKO,"16,833"
BUTEMBE COUNTY,INDEPENDENT,BASAKANA HANNINGTON,"2,101"
BUTEMBE COUNTY,INDEPENDENT,MUWULIZA DAVID,500
BUTEMBE COUNTY,INDEPENDENT,MUWANIKA MUKULU KENNETH,315
BUTEMBE COUNTY,INDEPENDENT,MITI MATTHIAS NGOBI,646
BUTEMBE COUNTY,INDEPENDENT,BANALYA NATHAN JOHN,930
JINJA MUNICIPALITY EAST,INDEPENDENT,DHIKUSOKA CRANIMER,378
JINJA MUNICIPALITY EAST,INDEPENDENT,MUDAGO ROGERS AGGREY,105
JINJA MUNICIPALITY EAST,INDEPENDENT,MUGABI CYRUS,296
JINJA MUNICIPALITY EAST,DP,WAISWA ALEX MUFUMBIRO,262
JINJA MUNICIPALITY EAST,FDC,MWIRU PAUL,"7,060"
JINJA MUNICIPALITY EAST,UPC,OSINDE OYO RITCHIE EMERY,127
JINJA MUNICIPALITY EAST,UFA,NAGAYA MOSES,135
JINJA MUNICIPALITY EAST,NRM,IGEME NABETA NATHAN SAMSON,"8,203"
JINJA MUNICIPALITY WEST,INDEPENDENT,WAISWA WILSON,0
JINJA MUNICIPALITY WEST,INDEPENDENT,KEZAALA NAJIB,136
JINJA MUNICIPALITY WEST,INDEPENDENT,KIBEDI ZAAKE WANUME,533
JINJA MUNICIPALITY WEST,INDEPENDENT,NAKENDO SALEH,51
JINJA MUNICIPALITY WEST,FDC,KASIGWA HARRY,"4,497"
JINJA MUNICIPALITY WEST,NRM,BALYEKU MOSES GRACE,"9,858"
JINJA MUNICIPALITY WEST,DP,TALUGENDE MOSES,168
KAGOMA COUNTY,INDEPENDENT,WAKUDUMIRA DAVID FRED,"1,102"
KAGOMA COUNTY,FDC,NABWISO FRANK WILBERFORCE B.,"11,469"
KAGOMA COUNTY,NRM,MBAGADHI FREDERICK NKAYI,"11,948"
KAGOMA COUNTY,INDEPENDENT,WALYOMU MUWANIKA MOSES,"10,819"
KAGOMA COUNTY,INDEPENDENT,BALABYE CHARLES,"2,187"
KAGOMA COUNTY,INDEPENDENT,KIRYA DANIEL,"1,108"
KAGOMA COUNTY,INDEPENDENT,BALIDAWA DANIEL,104
KAGOMA COUNTY,INDEPENDENT,GABULA FAROUK NADIOPE KALULU,366
KAGOMA COUNTY,INDEPENDENT,KINTU ALEX BRANDON,"2,208"
KAGOMA COUNTY,INDEPENDENT,TALUGENDE LAWRENCE,"5,263"
KABALE MUNICIPALITY,INDEPENDENT,BARYAYANGA ANDREW AJA,"7,868"
KABALE MUNICIPALITY,UFA,AHIMBISIBWE FRANCIS MOSES,61
KABALE MUNICIPALITY,NRM,RUKUNDO SERAPIO,"5,222"
KABALE MUNICIPALITY,FDC,MURUMBA WILFRED,"3,732"
RUBANDA COUNTY EAST,FDC,BAREBWOHA MBYEMERE THOMAS,979
RUBANDA COUNTY EAST,NRM,MUSASIZI HENRY ARIGANYIRA,"18,447"
RUBANDA COUNTY EAST,UPC,MBABAZI BENJAMIN ARTHUR,"5,937"
RUBANDA COUNTY WEST,INDEPENDENT,RUBAHIMBYA ALEKU INNOCENT,408
RUBANDA COUNTY WEST,INDEPENDENT,HABASA NELSON,"8,251"
RUBANDA COUNTY WEST,NRM,BANYENZAKI HENRY,"23,106"
RUBANDA COUNTY WEST,FDC,KAFEEZA ALOYSIUS,"3,161"
RUKIGA COUNTY,DP,BASIIME WILBROAD,70
RUKIGA COUNTY,INDEPENDENT,GUMISIRIZA MEDDAD RWAMINYINYO,164
RUKIGA COUNTY,UFA,MUCUNGUNZI JOSHUA MUGABE,123
RUKIGA COUNTY,FDC,SABIITI JACK,"19,998"
RUKIGA COUNTY,NRM,KAKURU ADISON,"18,554"
NDORWA COUNTY WEST,NRM,BAHATI DAVID,Unopposed
NDORWA COUNTY EAST,UPC,RUKUNDO EMMANUEL BETEKIRE,"6,667"
NDORWA COUNTY EAST,FDC,BEINGANA  LEONARD TAAZA,"2,039"
NDORWA COUNTY EAST,NRM,NIWAGABA WILFRED,"23,484"
BURAHYA COUNTY,FDC,MUGABI CHRISTOPHER KAYONGA,"3,239"
BURAHYA COUNTY,NRM,KASAIJA STEPHEN KAGWERA,"37,814"
BURAHYA COUNTY,INDEPENDENT,RABWONI OKWIRI,"21,116"
FORT PORTAL MUNICIPALITY,NRM,RUHUNDA ALEX,"9,732"
FORT PORTAL MUNICIPALITY,INDEPENDENT,RUBONGOYA PATRICK,"1,997"
FORT PORTAL MUNICIPALITY,INDEPENDENT,KALIBA STEVEN,"7,013"
FORT PORTAL MUNICIPALITY,FDC,AKUGIZIBWE SOLOMON,309
BUNYANGABU COUNTY,INDEPENDENT,ATEGEKA JAMES,"5,016"
BUNYANGABU COUNTY,FDC,KATONGOLE STEVEN DICK,"3,288"
BUNYANGABU COUNTY,NRM,MWESIGE ADOLF,"36,175"
BUNYANGABU COUNTY,INDEPENDENT,ISINGOMA JOHN BAPTIST,822
BUJUMBA COUNTY,INDEPENDENT,NAKIMERA LYDIA KIZZA,650
BUJUMBA COUNTY,INDEPENDENT,SSEMAKULA RAJAB,"3,927"
BUJUMBA COUNTY,INDEPENDENT,SSENYONYI GERALD KATO,38
BUJUMBA COUNTY,DP,KAKOOZA JOSEPH HERMAN,11
BUJUMBA COUNTY,NRM,BADDA FRED,"4,089"
BUJUMBA COUNTY,PDP,OSINDE GODFREY,46
BUJUMBA COUNTY,FDC,KULAZIKULABE ANDREW,151
KYAMUSWA COUNTY,NRM,LWANGA TIMOTHY MUTEKANGA,"3,753"
KYAMUSWA COUNTY,INDEPENDENT,KABUUSU MOSES WAGABA,"3,436"
KYAMUSWA COUNTY,FDC,NSAMBA GREGORY,62
KYAMUSWA COUNTY,INDEPENDENT,SSEBALAMU RONALD HERBERT MUBIRU,11
MAKINDYE DIVISION WEST,NRM,KALEMA RICHARD,"21,490"
MAKINDYE DIVISION WEST,DP,KALLIBBALA RICHARD,"9,235"
MAKINDYE DIVISION WEST,JEEMA,KYANJO HUSSEIN SILMAN,"30,131"
MAKINDYE DIVISION WEST,PPD,MAGALA JAFAARI,"3,116"
MAKINDYE DIVISION WEST,UPC,BYAMAGERO S. A. M.,"1,219"
MAKINDYE DIVISION WEST,UFA,NALUBEGA SARAH ZAINA,"2,139"
MAKINDYE DIVISION WEST,INDEPENDENT,MUWANGA LUT,596
KAWEMPE DIVISION NORTH,NRM,KYAMBADDE JOHN ANDREW,"14,752"
KAWEMPE DIVISION NORTH,DP,SSEBAGALA ABDLARTIF SSENGENDO,"29,432"
KAWEMPE DIVISION NORTH,PPP,RUBAGUMYA CHARLES RUHARAZA,855
KAWEMPE DIVISION NORTH,SDP,SSEGIRINYA MUHAMMAD SSENGENDO,"2,244"
KAWEMPE DIVISION NORTH,INDEPENDENT,KIBIRIGE NASSER TAKUBA,"3,646"
KAWEMPE DIVISION NORTH,INDEPENDENT,MUYINDA NANNEMBA MARIA FRANCES,687
KAWEMPE DIVISION NORTH,INDEPENDENT,BWANIKA MUSA IBRAHIM,"1,061"
KAMPALA CENTRAL DIVISION,DP,YAWE EDDY SSENTAMU,"15,757"
KAMPALA CENTRAL DIVISION,NRM,NSEREKO MUHAMMAD,"25,140"
KAMPALA CENTRAL DIVISION,FDC,NUWAGABA JETHRO CHRISTOPHER,"4,420"
KAMPALA CENTRAL DIVISION,LDT,MAWANDA SULAIT,319
KAMPALA CENTRAL DIVISION,JEEMA,KIBIRIGE MUHAMMAD MAYANJA,"4,068"
KAMPALA CENTRAL DIVISION,INDEPENDENT,MUNAAWA KENNETH,484
KAMPALA CENTRAL DIVISION,PDP,KIVUMBI ERNEST,131
MAKINDYE DIVISION EAST,NRM,SSIMBWA JOHN,"16,714"
MAKINDYE DIVISION EAST,CP,NAMPIJJA SUSAN LUKYAMUZI,"6,612"
MAKINDYE DIVISION EAST,INDEPENDENT,KANYIKE SARAH SEBAGGALA,"8,766"
MAKINDYE DIVISION EAST,INDEPENDENT,KAMUHIRA SALIM,258
MAKINDYE DIVISION EAST,INDEPENDENT,KIMBUGWE HANNIFAH,676
MAKINDYE DIVISION EAST,INDEPENDENT,MUTAAWE DENNIS,440
MAKINDYE DIVISION EAST,INDEPENDENT,GANGADI AINEAS,221
MAKINDYE DIVISION EAST,INDEPENDENT,WALUSIMBI FREDRICH,552
MAKINDYE DIVISION EAST,INDEPENDENT,SSAKU ANTHONY KABUGO,726
MAKINDYE DIVISION EAST,INDEPENDENT,SERUNJOGI AHMED,343
MAKINDYE DIVISION EAST,UFA,LUKONGE YUSUF,607
MAKINDYE DIVISION EAST,FDC,KASOZI IBRAHIM BIRIBAWA,"5,824"
MAKINDYE DIVISION EAST,DP,LWANGA NAMUGERA SEBASTIANE,"2,198"
MAKINDYE DIVISION EAST,UPC,BOSSA JOSEPH F.,752
NAKAWA DIVISION,NRM,RUHINDI FREDRICK,"44,929"
NAKAWA DIVISION,DP,KAKANDE KENNETH PAUL,"20,919"
NAKAWA DIVISION,FDC,KABAZIGURUKA MICHAEL ANDREW,"23,009"
NAKAWA DIVISION,INDEPENDENT,BARIGAYOMWE ROGERS BIRUNGI,219
NAKAWA DIVISION,UFA,MATOVU RICHARD,614
NAKAWA DIVISION,INDEPENDENT,MUWONGE DANIEL,"1,117"
NAKAWA DIVISION,UPC,ODONGO GEOFFREY,"1,559"
RUBAGA DIVISION SOUTH,UFA,MUBI AZAALWA JOSEPH,274
RUBAGA DIVISION SOUTH,INDEPENDENT,BUKENYA HERBERT,"2,679"
RUBAGA DIVISION SOUTH,FIL,KAWOOYA ABDUL WAHAB,382
RUBAGA DIVISION SOUTH,DP,MAYANJA VINCENT PAUL,"2,964"
RUBAGA DIVISION SOUTH,CP,KEN-LUKYAMUZI JOHN,"39,408"
RUBAGA DIVISION SOUTH,NRM,MAYANJA MPIIMA FARIDAH,"13,969"
KAWEMPE DIVISION SOUTH,PDP,YAWE BRIAN,525
KAWEMPE DIVISION SOUTH,NRM,NAJJA TWAHA,"14,905"
KAWEMPE DIVISION SOUTH,FDC,KANYIKE WILLIAM,"12,100"
KAWEMPE DIVISION SOUTH,INDEPENDENT,NSUBUGA KIJJAMBU,"2,422"
KAWEMPE DIVISION SOUTH,INDEPENDENT,JEMBA ERISA KITANDWE,521
KAWEMPE DIVISION SOUTH,INDEPENDENT,KABUGO DITHAN,444
KAWEMPE DIVISION SOUTH,DP,SEBULIBA MUTUMBA RICHARD,"15,149"
RUBAGA DIVISION NORTH,SDP,LUBOWA HENRY,"2,031"
RUBAGA DIVISION NORTH,UFA,TAMALE SOLOMON ABEL,556
RUBAGA DIVISION NORTH,FDC,KIKONYOGO MN JOHN,"4,121"
RUBAGA DIVISION NORTH,PDP,SSEMPIJJA PATRICK KIWEESI,572
RUBAGA DIVISION NORTH,INDEPENDENT,KASIBANTE MOSES,"22,850"
RUBAGA DIVISION NORTH,DP,NAKIBUUKA MAXENCIA TAKIRAMBULE,"1,686"
RUBAGA DIVISION NORTH,INDEPENDENT,KISIGE ALLEN,872
RUBAGA DIVISION NORTH,INDEPENDENT,LWANGA ISAAC BYANGIRE,314
RUBAGA DIVISION NORTH,INDEPENDENT,KIBIRIGE BERNARD,3
RUBAGA DIVISION NORTH,NRM,KATONGOLE SINGH MARWAHA P.,"24,802"
BUGABULA COUNTY NORTH,FDC,MUTEBE FRANCIS,393
BUGABULA COUNTY NORTH,NRM,KIZIGE MOSES,"11,248"
BUGABULA COUNTY NORTH,INDEPENDENT,ALLEN ANDREW,"15,245"
BUGABULA COUNTY NORTH,INDEPENDENT,MAGIMBI JOHN SEBASTIAN,"1,666"
BUGABULA COUNTY NORTH,INDEPENDENT,LUKALU CAESAR KITAMIRIKE,453
BUGABULA COUNTY NORTH,UPC,IDYOBEOW MBABANI ALEX,68
BUGABULA COUNTY NORTH,INDEPENDENT,KABAALE MOSES,560
BUGABULA COUNTY SOUTH,UPC,ALIBAWA AYASI,68
BUGABULA COUNTY SOUTH,INDEPENDENT,KUWEREKA GEORGE,425
BUGABULA COUNTY SOUTH,INDEPENDENT,KIYINGI ASUMAN,"13,966"
BUGABULA COUNTY SOUTH,NRM,KIBALYA HENRY MAURICE,"11,510"
BUGABULA COUNTY SOUTH,FDC,SALAAM-MUSUMBA PROSCOVIA,"10,949"
BUZAAYA COUNTY,INDEPENDENT,MUZAAYA MUSA,"5,724"
BUZAAYA COUNTY,INDEPENDENT,MUSUMBA ISAAC ISANGA,"12,721"
BUZAAYA COUNTY,INDEPENDENT,KAPERE GEORGE,204
BUZAAYA COUNTY,FDC,MUKASA SOWEDI,577
BUZAAYA COUNTY,INDEPENDENT,MUGAYA PATRICK L,0
BUZAAYA COUNTY,INDEPENDENT,KITAMIRIKE BWAMIKI MICHAEL,216
BUZAAYA COUNTY,NRM,MUGABI MUZAALE MARTIN KISULE,"16,616"
TINGEY COUNTY,INDEPENDENT,SABILA HERBERT KAALE,"8,401"
TINGEY COUNTY,INDEPENDENT,SOYEKWO KENNETH,"2,050"
TINGEY COUNTY,NRM,CHEBROT STEPHEN CHEMOIKO,"15,017"
TINGEY COUNTY,FDC,MAIGUT ANDREW,758
TINGEY COUNTY,INDEPENDENT,MUSANI FRANK NEWMAN,"4,753"
BUKONJO COUNTY WEST,FDC,BIIRA KABANYORO LUCY,"20,281"
BUKONJO COUNTY WEST,NRM,KIYONGA CHRISPUS W. C. B.,"25,968"
BUKONZO COUNTY  EAST,PPP,KAHUNGU AMON PHILLY,"2,675"
BUKONZO COUNTY  EAST,FDC,BWAMBALE BIHANDE YOKASI,"19,511"
BUKONZO COUNTY  EAST,NRM,BUSINGE POLICE FRED,"19,268"
BUKONZO COUNTY  EAST,INDEPENDENT,KITHENDE KALYEBOGA APPOLLINARIS,"3,236"
BUSONGORA COUNTY NORTH,PPP,KULE STEPHEN O. MBIWA,775
BUSONGORA COUNTY NORTH,FDC,NZOGHU M. WILLIAM,"22,052"
BUSONGORA COUNTY NORTH,NRM,KYETUNDA MUHINDO ELIJAH,"19,046"
BUSONGORA COUNTY NORTH,INDEPENDENT,BASEMEZA METUSERA DAN MUTEBULI,"1,602"
BUSONGORA COUNTY SOUTH,INDEPENDENT,NKWATSIBWE KAJURA FESTO,50
BUSONGORA COUNTY SOUTH,DP,LUKUMBUKA BRIENS ROBERT,264
BUSONGORA COUNTY SOUTH,NRM,KAFUDA BOAZ,"9,615"
BUSONGORA COUNTY SOUTH,FDC,MBAJU JACKSON,"6,979"
BUSONGORA COUNTY SOUTH,INDEPENDENT,SIWAKO B. CONSTANT,"5,964"
KASESE MUNICIPALITY,FDC,BWAMBALE SYAHUKA JUNIOR MOSES,"5,433"
KASESE MUNICIPALITY,NRM,MBAHIMBA JAMES,"7,901"
KASESE MUNICIPALITY,JEEMA,MUSABINGO UMAR,502
KASESE MUNICIPALITY,UFA,ISINGOMA RAYMOND,76
KASESE MUNICIPALITY,INDEPENDENT,THEMBO GIDEON MUJUNGU,"3,362"
KASESE MUNICIPALITY,INDEPENDENT,MBAGUTA RONALD MUHWEZI,"3,836"
KASESE MUNICIPALITY,INDEPENDENT,ATEGEKE MOSES,640
BUGANGAIZI EAST COUNTY,INDEPENDENT,KASAANA WASHINGTON KAKEMBO ADYERI,663
BUGANGAIZI EAST COUNTY,INDEPENDENT,NSHEKALIMWE BENON,151
BUGANGAIZI EAST COUNTY,INDEPENDENT,AGABA AISA,"7,137"
BUGANGAIZI EAST COUNTY,NRM,BAKEINE MABEL LILLIAN KOMUGISHA,"11,423"
BUGANGAIZI WEST COUNTY,INDEPENDENT,BAINOMUGISHA SILVERIOUS,261
BUGANGAIZI WEST COUNTY,INDEPENDENT,MUHIMBO LUBEGA EDWARD EMMANUEL,"11,450"
BUGANGAIZI WEST COUNTY,NRM,KASIRIVU BALTAZAR KYAMANYWA ATWOOKI,"18,670"
BUYAGA EAST COUNTY,INDEPENDENT,ALINAITWE GIDEON,"1,647"
BUYAGA EAST COUNTY,NRM,BESISIRA IGNATIUS,"17,841"
BUYAGA EAST COUNTY,FDC,TOTEREBUKA BONIFACE,640
BUYAGA EAST COUNTY,LDT,KASANGAKI HAROUN RASHID,715
BUYAGA EAST COUNTY,DP,TUMWEBAZE THOMAS,488
BUYAGA EAST COUNTY,INDEPENDENT,MUSANA ERIC,"9,788"
BUYAGA WEST COUNTY,INDEPENDENT,TIBALEKA MARCEL,"10,416"
BUYAGA WEST COUNTY,FDC,KUGONZA SYLIVIA,496
BUYAGA WEST COUNTY,NRM,TINKASIIMIRE BARNABAS,"33,491"
BUYAGA WEST COUNTY,INDEPENDENT,TUMWESIGE PONSIANO,"1,262"
BUYANJA COUNTY,INDEPENDENT,ASIIMWE JUDE MAYANJA,816
BUYANJA COUNTY,NRM,KASAIJA MATIA,"15,748"
BUYANJA COUNTY,FDC,MIVULE FRANCIS BIRUNGI,384
BUYANJA COUNTY,INDEPENDENT,BAGUMA ISOKE MATIA,"10,276"
KIBOGA  EAST COUNTY,UFA,KIRABIRA HENRY,931
KIBOGA  EAST COUNTY,NRM,KABAJO JAMES KYEWALABYE,"31,869"
KIBOGA  EAST COUNTY,INDEPENDENT,SSEMAKULA SHADRACK,"2,723"
KIBOGA  EAST COUNTY,INDEPENDENT,KAGGWE MBUGA FRED,"1,822"
BUFUMBIRA COUNTY EAST,NRM,KWIZERA EDDIE WA GAHUNGU,"15,484"
BUFUMBIRA COUNTY EAST,FDC,BARIHIMA HABAKWIHA MATHIAS,390
BUFUMBIRA COUNTY EAST,INDEPENDENT,BUTORO NSABA,"13,921"
BUFUMBIRA COUNTY NORTH,NRM,KAMARA JOHN NIZEYIMANA,"14,245"
BUFUMBIRA COUNTY NORTH,DP,BISHAKA BARNABAS RUSHAGO,100
BUFUMBIRA COUNTY NORTH,FDC,BYARUHANGA JOSEPH,126
BUFUMBIRA COUNTY NORTH,INDEPENDENT,BAHANE SILVER NIYIBIZI,"8,786"
BUFUMBIRA COUNTY SOUTH,INDEPENDENT,TERERAHO JOHN WILSON,"17,200"
BUFUMBIRA COUNTY SOUTH,NRM,BUCYANAYANDI TRESS,"21,074"
BUFUMBIRA COUNTY SOUTH,FDC,MUNYANEZA JOSEPH. P. KANYONI,286
BUFUMBIRA COUNTY SOUTH,INDEPENDENT,SABITI BERNARD,597
CHUA COUNTY,DP,KIBUOTA OJOK JOHANAN OLWENY,803
CHUA COUNTY,UFA,PACOTO RICHARD,627
CHUA COUNTY,INDEPENDENT,ATURU ABRAHAM,"5,862"
CHUA COUNTY,INDEPENDENT,OMONA KIZITO,348
CHUA COUNTY,NRM,ORYEM HENRY OKELLO,"19,356"
CHUA COUNTY,INDEPENDENT,OBALLIM HENRY RACTO,558
CHUA COUNTY,UPC,OKELLO-OKELLO JOHN LIVINGSTONE,"14,047"
CHUA COUNTY,PPD,LUKWIYA WEBSTER CHARLES,283
CHUA COUNTY,FDC,LAKWO MILTON,"4,575"
CHUA COUNTY,INDEPENDENT,LOUM SIMON PETER,391
JIE COUNTY,UFA,AKORE JOHN BOSCO JOKOTAU,632
JIE COUNTY,NRM,LOKII PETER ABRAHAMS,"10,114"
JIE COUNTY,FDC,LOCHAP PAUL,"9,055"
KUMI COUNTY,INDEPENDENT,MARAKA EMMANUEL,"1,754"
KUMI COUNTY,INDEPENDENT,ONYA GEORGE EDWARD,"8,852"
KUMI COUNTY,INDEPENDENT,OKWAKOL STEPHEN OKEDI,868
KUMI COUNTY,NRM,OMUTE JULIUS,"11,955"
KUMI COUNTY,PPP,AKOL SAMUEL,469
KUMI COUNTY,UPC,ORIMAN JULIUS APUNNA,"2,053"
KUMI COUNTY,UFA,LOCHOM PETER,761
KUMI COUNTY,FDC,AMURIAT OBOI PATRICK,"24,542"
ERUTE COUNTY NORTH,UPC,OBONG DAVID,"5,490"
ERUTE COUNTY NORTH,NRM,OMARA GEOFFREY,"8,632"
ERUTE COUNTY NORTH,INDEPENDENT,OKELLO DANIEL,505
ERUTE COUNTY NORTH,INDEPENDENT,ODONGO CHRISTOPHER,"5,974"
ERUTE COUNTY NORTH,INDEPENDENT,ANGIRO GUTOMOI CHARLES,"7,985"
ERUTE COUNTY SOUTH,UPC,ODIT JOHN,"7,147"
ERUTE COUNTY SOUTH,FDC,OKAO JOEL,"10,572"
ERUTE COUNTY SOUTH,NRM,ENGOLA SAM,"25,284"
LIRA MUNICIPALITY,NRM,OKELLO FRANCIS ORECH,"4,566"
LIRA MUNICIPALITY,UPC,AKENA JAMES MICHARL JIMMY,"18,778"
LIRA MUNICIPALITY,INDEPENDENT,SSEGAWA NEHEMIAH JIMMY EBIL,201
LIRA MUNICIPALITY,INDEPENDENT,OWINO EMMANUEL,217
BAMUNANIKA COUNTY,INDEPENDENT,MUYINGO JOHN CHRYSOSTOM,"28,197"
BAMUNANIKA COUNTY,NRM,NDAWULA ALI SEKYANZI,"10,115"
BAMUNANIKA COUNTY,INDEPENDENT,SERUBIDDE DANIEL,681
BAMUNANIKA COUNTY,INDEPENDENT,KATENDE UMAR,251
KATIKAMU COUNTY NORTH,DP,NABUKENYA BRENDA,"3,434"
KATIKAMU COUNTY NORTH,FIL,KASAGGA RONALD,158
KATIKAMU COUNTY NORTH,UPC,KAMYA ALBERT,96
KATIKAMU COUNTY NORTH,NRM,BYANDALA ABRAHAM JAMES,"12,560"
KATIKAMU COUNTY NORTH,INDEPENDENT,WAMALA PAUL,291
KATIKAMU COUNTY NORTH,INDEPENDENT,ALIGAWESA PHILIP,"7,319"
KATIKAMU COUNTY NORTH,INDEPENDENT,MUKALAZI HAROON KADDU,"6,156"
KATIKAMU COUNTY NORTH,CP,NYOMBI SOLOMON,355
KATIKAMU COUNTY SOUTH,NRM,KHIDDU MAKUBUYA EDWARD,"19,525"
KATIKAMU COUNTY SOUTH,DP,LULE DAVID MUZZANGANDA,"5,021"
KATIKAMU COUNTY SOUTH,FDC,KINTU MICHEAL,"4,869"
KATIKAMU COUNTY SOUTH,INDEPENDENT,KABUGO CHARLES KAKUNTA,"1,338"
KATIKAMU COUNTY SOUTH,INDEPENDENT,KIJJAMBU SUSAN,"1,581"
KATIKAMU COUNTY SOUTH,INDEPENDENT,SSEMAKULA GEORGE,"1,684"
BUKOTO COUNTY CENTRAL,INDEPENDENT,MUWULYA STEPHEN,0
BUKOTO COUNTY CENTRAL,INDEPENDENT,MWANJE ABDU NASSER SSENABULYA,"1,424"
BUKOTO COUNTY CENTRAL,DP,MBABAALI JUDE,"10,146"
BUKOTO COUNTY CENTRAL,NRM,SSEKANDI EDWARD KIWANUKA,"11,380"
BUKOTO COUNTY EAST,INDEPENDENT,BWOGI ABBAS BALUWUNE,37
BUKOTO COUNTY EAST,FDC,JUUKO JUSTIN,246
BUKOTO COUNTY EAST,DP,NAMAYANJA FLORENCE,"15,196"
BUKOTO COUNTY EAST,NRM,ALINTUMA JOHN C. NSAMBU,"12,927"
MASAKA MUNICIPALITY,DP,KAWANGA JOHN BAPTIST,3382
MASAKA MUNICIPALITY,NRM,KIZZA MUJOOBE FRANCIS XAVIER,5537
MASAKA MUNICIPALITY,INDEPENDENT,SSENNYONDO KAWOOYA GODFREY,322
MASAKA MUNICIPALITY,INDEPENDENT,MUTESASIRA PETER,80
MASAKA MUNICIPALITY,INDEPENDENT,NAKAWUKI SUSAN,2698
MASAKA MUNICIPALITY,INDEPENDENT,MPUUGA MATHIAS,15103
BUJENJE COUNTY,NRM,KABAKUMBA MASIKO LABWONI,"10,165"
BUJENJE COUNTY,SDP,KAMULINDWA GIFFEN ROBERT,653
BUJENJE COUNTY,FDC,KIIZA DANIEL,342
BUJENJE COUNTY,INDEPENDENT,OLEMA JUSTO,497
BUJENJE COUNTY,INDEPENDENT,KYOTASOBORO PHINEHAS,"9,473"
BUJENJE COUNTY,INDEPENDENT,MUSINGUZI GODGREY,"2,715"
BURULI COUNTY,NRM,NYIIRA ZERUBABEL MIJUMBI,"10,630"
BURULI COUNTY,INDEPENDENT,KAAHWA ERISA AMOOTI,"7,499"
BURULI COUNTY,INDEPENDENT,NYAKOJO ISMAIL ABWOOLI,981
MASINDI MUNICIPALITY,NRM,KIIZA MONDAY ERNEST APUULI,"16,395"
MASINDI MUNICIPALITY,UPC,KAZIMBIRAINE MAHMOUD GAHWERA AKIIKI,202
MASINDI MUNICIPALITY,FDC,TUGUME MOSES KIBBOTO BYENSI,"7,548"
BUNGOKHO COUNTY NORTH,UPC,KISODA SAFIYI MAFABI,173
BUNGOKHO COUNTY NORTH,FDC,RABBI GERSHOM SIZOMU WAMBEDDE,"14,956"
BUNGOKHO COUNTY NORTH,LDT,MADOYI SULAIT,126
BUNGOKHO COUNTY NORTH,NRM,GUDOI YAHAYA,"16,771"
BUNGOKHO COUNTY NORTH,INDEPENDENT,MASHATE PETER MAGOMU,"3,512"
BUNGOKHO COUNTY NORTH,INDEPENDENT,SEGAWA ISSA,"2,781"
BUNGOKHO COUNTY NORTH,INDEPENDENT,MAGOMU MZAMIL MUMEYA,745
BUNGOKHO COUNTY NORTH,INDEPENDENT,WAMBEDE JAMES,242
BUNGOKHO COUNTY SOUTH,INDEPENDENT,WALUMBE LEO VINCENT SEMU,348
BUNGOKHO COUNTY SOUTH,FDC,WANDA MARTIN BEN,"12,687"
BUNGOKHO COUNTY SOUTH,DP,NAPOLI APOLLO,212
BUNGOKHO COUNTY SOUTH,NRM,KAFABUSA WERIKHE MICHAEL,"24,897"
BUNGOKHO COUNTY SOUTH,UPC,WANDEKA SAM MUSAMALI,247
BUNGOKHO COUNTY SOUTH,INDEPENDENT,WAMAYE PAUL WAMIMBI,304
BUNGOKHO COUNTY SOUTH,INDEPENDENT,MUSAMALI MARTIN,"3,216"
BUNGOKHO COUNTY SOUTH,INDEPENDENT,WETAYA PAUL,"9,481"
MBALE MUNICIPALITY,INDEPENDENT,MAYUMBA JUSTIN BUSIMA,143
MBALE MUNICIPALITY,INDEPENDENT,MASABA RICHARD WAMALIA,"3,420"
MBALE MUNICIPALITY,UPC,SAKWA JOSEPH ERIC,114
MBALE MUNICIPALITY,FDC,WAMANGA WAMAI JACK,"13,701"
MBALE MUNICIPALITY,NRM,SHINYABULO-MUTENDE JAMES ANTHONY,"7,333"
MBALE MUNICIPALITY,INDEPENDENT,SIMBA ELISHA,114
KASHARI COUNTY,INDEPENDENT,MWIINE WILSON RWAKANENGYERE,"12,478"
KASHARI COUNTY,INDEPENDENT,TIBAMANYA URBAW,"14,700"
KASHARI COUNTY,UFA,TWINOMUJUNI KAMARA EMMANUEL,548
KASHARI COUNTY,UPC,NUWAGABA MOSES KABANDIZE,517
KASHARI COUNTY,FDC,NUWAGIRA DANIEL,"1,278"
KASHARI COUNTY,NRM,YAGUMA WILBERFORCE,"26,595"
RWAMPARA COUNTY,NRM,MUJUNI VICENT KYAMADIDI,"40,506"
RWAMPARA COUNTY,FDC,KAZOOBA ISRAEL TUKWATANISE,"2,728"
RWAMPARA COUNTY,INDEPENDENT,MUYAMBI ELLADY,443
RWAMPARA COUNTY,INDEPENDENT,SANDE ERICK KANYABIGYEGA,"1,413"
RWAMPARA COUNTY,INDEPENDENT,NKWASIBWE JULIUS KATOOTO,887
RWAMPARA COUNTY,INDEPENDENT,NGABIRANO CHARLES,109
MBARARA MUNICIPALITY,INDEPENDENT,RUTAHABA KASHAIJA NICKODEMUS,484
MBARARA MUNICIPALITY,NRM,BITEKYEREZO KAB MEDARD,"12,553"
MBARARA MUNICIPALITY,FDC,BASHAIJA KAZOORA JOHN,"8,846"
MBARARA MUNICIPALITY,UFA,NAHAMYA JOSEPH STUART,194
MBARARA MUNICIPALITY,INDEPENDENT,TUSIIME MICHAEL,"9,666"
MATHENIKO COUNTY,INDEPENDENT,ACHIA PETER EDISON,"1,925"
MATHENIKO COUNTY,INDEPENDENT,ABURA SAMUEL PIRIR,"2,549"
MATHENIKO COUNTY,NRM,LOKII JOHN BAPTIST,"4,817"
MATHENIKO COUNTY,FDC,LOGIT ROBERT,"2,257"
MOROTO MUNICIPALITY,INDEPENDENT,OGWEL LOOTE SAMMY,292
MOROTO MUNICIPALITY,INDEPENDENT,ANGELLA FRED,745
MOROTO MUNICIPALITY,UPC,PULKOL DAVID BWANGA-MOE,620
MOROTO MUNICIPALITY,NRM,ALEPER SIMON PETER,"1,496"
MOROTO MUNICIPALITY,DP,NYEKO MOSES,111
OBONGI COUNTY,NRM,AZABO RASHID KHALILI,"2,383"
OBONGI COUNTY,FDC,FUNGAROO KAPS HASSAN,"6,024"
OBONGI COUNTY,UPC,DROMA MORRIS OKELLO,46
OBONGI COUNTY,INDEPENDENT,ANYAMA MOSES REMSON,485
OBONGI COUNTY,INDEPENDENT,AMASI PATAKI LEONARD,469
WEST MOYO COUNTY,INDEPENDENT,ANYAMA WILLIAMS,"6,928"
WEST MOYO COUNTY,DP,RUGGA ONZO ELLIS,437
WEST MOYO COUNTY,FDC,ANDEVU GODFREY ENDEVIOURS CAESAR,970
WEST MOYO COUNTY,UPC,APILIGA MOSES TAKO,"3,431"
WEST MOYO COUNTY,NRM,ALERO TOM AZA,"8,953"
MAWOKOTA COUNTY NORTH,INDEPENDENT,SSEMAMBO EDWARD,122
MAWOKOTA COUNTY NORTH,DP,TEBUSWEKE DAVID MAYINJA,"2,520"
MAWOKOTA COUNTY NORTH,FDC,BUWEMBO SHAFIK,161
MAWOKOTA COUNTY NORTH,NRM,KYAMBADDE AMELIA ANNE,"22,207"
MAWOKOTA COUNTY NORTH,JEEMA,KAWEESA AHMED BIGALI,98
MAWOKOTA COUNTY NORTH,INDEPENDENT,MUTULUUZA PETER CLAVER,"11,878"
MAWOKOTA COUNTY SOUTH,CP,WASAJJA FREDRICK KAYEMBA,37
MAWOKOTA COUNTY SOUTH,NRM,SSEGUYA JOHN BOSCO LUBYAYI,"14,314"
MAWOKOTA COUNTY SOUTH,FDC,SSENKATUUKA LIVINGSTONE,68
MAWOKOTA COUNTY SOUTH,INDEPENDENT,KAWUKI SIMON PETER,140
MAWOKOTA COUNTY SOUTH,INDEPENDENT,KIYINGI BBOSA KENNETH JOSEPH,"17,585"
BUWEKULA COUNTY,INDEPENDENT,SENDEGEYA GERESIAN,877
BUWEKULA COUNTY,INDEPENDENT,KISAAKYE ARCHILIES SSENYONJO,"4,837"
BUWEKULA COUNTY,FDC,KWIRINGIRA ASANASIO,866
BUWEKULA COUNTY,NRM,SSEMMULI ANTHONY,"25,976"
BUWEKULA COUNTY,INDEPENDENT,BALEKE KAYIIRA PETER,"11,273"
KASAMBYA COUNTY,NRM,MULINDWA PATRICK,"30,743"
KASAMBYA COUNTY,INDEPENDENT,BWERERE KASOLE LWANGA EDWARD,"5,329"
KASAMBYA COUNTY,INDEPENDENT,SEMAHORO RUKEEBA EDISON,"7,429"
KASSANDA COUNTY NORTH,NRM,SSALABAYA HARUUNA,"17,758"
KASSANDA COUNTY NORTH,INDEPENDENT,NAKAZIBWE ANNET,478
KASSANDA COUNTY NORTH,SDP,MABIKE WALUSIMBI WILBERFORCE,186
KASSANDA COUNTY NORTH,DP,KAMULEGEYA WILLIAM,632
KASSANDA COUNTY NORTH,INDEPENDENT,LUBEGA KHALID,"2,035"
KASSANDA COUNTY NORTH,LDT,SEMWANGA JOSEPH AMMER,382
KASSANDA COUNTY NORTH,INDEPENDENT,LUBEGA GODFREY,"18,705"
KASSANDA COUNTY SOUTH,INDEPENDENT,LUKWAGO MOSES,163
KASSANDA COUNTY SOUTH,INDEPENDENT,KABAYO JOHN PATRICK,"6,243"
KASSANDA COUNTY SOUTH,PPP,KASOZI ROBERT,276
KASSANDA COUNTY SOUTH,FDC,KIBUKA MUKALAZI,663
KASSANDA COUNTY SOUTH,DP,SERWANIKO ANTHONY BYANSI,470
KASSANDA COUNTY SOUTH,NRM,NYOMBI THEMBO GEORGE WILLIAM,"14,659"
KASSANDA COUNTY SOUTH,INDEPENDENT,KABUUKA ELIMETHIDAS,172
MUKONO COUNTY NORTH,INDEPENDENT,NABUKEERA HUSSEIN HANIFAH,"3,341"
MUKONO COUNTY NORTH,UPC,MPALANYI CHRISTOPHER,226
MUKONO COUNTY NORTH,DP,MUTYABA STEPHEN,"1,200"
MUKONO COUNTY NORTH,NRM,KIBUULE RONALD,"13,343"
MUKONO COUNTY NORTH,FDC,BAKUBI LUKUBIRA MOSES,"1,959"
MUKONO COUNTY NORTH,UFA,NSIMBI ALI RAJAB,463
MUKONO COUNTY SOUTH,INDEPENDENT,NALUGO MARY MARGARET SEKIZIYIVU,"7,011"
MUKONO COUNTY SOUTH,NRM,BAKALUBA MUKASA PETER,"14,930"
MUKONO COUNTY SOUTH,DP,KIYAGA JOVAN NAMAKAJJO,"1,196"
MUKONO COUNTY SOUTH,FDC,SSEKATO TIMOTHY,"1,867"
MUKONO COUNTY SOUTH,INDEPENDENT,MUTEMA DERRICK,"4,632"
MUKONO MUNICIPALITY,DP,BAKIREKE NAMBOOZE BETTY,"26,184"
MUKONO MUNICIPALITY,PPP,MUTYABA MATHEW,169
MUKONO MUNICIPALITY,NRM,YIGA BEATRICE NAKAGGWA,"12,444"
MUKONO MUNICIPALITY,UFA,KIZITO CHARLES JAMES,453
MUKONO MUNICIPALITY,INDEPENDENT,ZIMULA MUKWAYA RICHARD MILES,185
NAKIFUMA COUNTY,JEEMA,MUKASA ABDALLAH,610
NAKIFUMA COUNTY,FDC,SEBALU ROBERT MUYIZZI,"2,739"
NAKIFUMA COUNTY,INDEPENDENT,NAKILIZA PROSSY,"5,127"
NAKIFUMA COUNTY,INDEPENDENT,LUZINDA HASSAN M.,600
NAKIFUMA COUNTY,NRM,MUGAMBE JOSEPH KIFOMUSANA,"13,162"
NAKIFUMA COUNTY,INDEPENDENT,SSEMAKULA HABIIB MUSA K.,"1,840"
NAKIFUMA COUNTY,INDEPENDENT,SSIMBWA K. LEONARD,"1,400"
NAKIFUMA COUNTY,INDEPENDENT,KAFEERO SSEKITOLEKO ROBERT,"13,178"
NAKIFUMA COUNTY,DP,SSENABULYA DAVID KATEREGGA,"2,642"
JONAM COUNTY,UPC,OPOKA-OKUMU CHRIS,"2,278"
JONAM COUNTY,NRM,JACAN OMACH FRED MANDIR,"15,483"
JONAM COUNTY,FDC,ONGIERTHO EMMANUEL,"12,912"
JONAM COUNTY,INDEPENDENT,ONEGI-OBEL APOLLO DASCIO,"4,637"
PADYERE COUNTY,NRM,ODOCH PASCAL WATHUM,"20,221"
PADYERE COUNTY,UPC,ULAMA DISON DUKE OKERSON,"2,230"
PADYERE COUNTY,SDP,SHABAN SAID,550
PADYERE COUNTY,FDC,ONEGA ROBERT,"4,261"
PADYERE COUNTY,INDEPENDENT,ANYWARACH JOSHUA CARTER,"25,565"
PADYERE COUNTY,INDEPENDENT,OKUMU-RINGA PATRICK ALOYSIUS,"3,061"
KAJARA COUNTY,NRM,TASHOBYA N. STEPHEN,"25,782"
KAJARA COUNTY,FDC,AHABWE VENANSIO KABUNAKUKI,"9,441"
NTUNGAMO MUNICIPALITY,FDC,KANYOMOZI YONASANI BANKOBEZA,"1,902"
NTUNGAMO MUNICIPALITY,NRM,MUSINGUZI YONA,"3,874"
NTUNGAMO MUNICIPALITY,UFA,MUGABE GERSHOM,36
RUHAAMA COUNTY,INDEPENDENT,ABAINE ELLIAS,381
RUHAAMA COUNTY,FDC,RUZINDANA AUGUSTINE,"8,077"
RUHAAMA COUNTY,UFA,MUSASIZI HANNINGTON,957
RUHAAMA COUNTY,NRM,KATAAHA JANET MUSEVENI,"57,556"
RUSHENYI COUNTY,NRM,RUKUTANA MWESIGWA,"30,447"
RUSHENYI COUNTY,FDC,MAGARA BAMWINE NATHAN,"8,233"
AGULE COUNTY,INDEPENDENT,OURUM OKIROR SAM,"7,075"
AGULE COUNTY,INDEPENDENT,OPANGE LOUIS,"8,567"
AGULE COUNTY,FDC,OKELLO OKIRIA THOMAS,976
AGULE COUNTY,NRM,OCHWA DAVID,"10,614"
BUTEBO COUNTY,NRM,MALLINGA STEPHEN OSCAR,"14,573"
BUTEBO COUNTY,UPC,OBUYA GEOFFREY JOHN,252
BUTEBO COUNTY,INDEPENDENT,LODOI PATRICK MUTONO,"11,151"
BUTEBO COUNTY,INDEPENDENT,KASHODO ERIA,101
BUTEBO COUNTY,INDEPENDENT,OSEKU ORIEBO RICHARD ANTHONY,"9,204"
PALLISA COUNTY,UFA,ITIKO MOSES,514
PALLISA COUNTY,UPC,ENGURIAT CHARLES OPOLOT,130
PALLISA COUNTY,FDC,ADOME ANTHONY,"1,070"
PALLISA COUNTY,NRM,OPOLOT JACOB RICHARDS,"15,627"
PALLISA COUNTY,INDEPENDENT,TATAMBUKA ROGERS,"7,642"
PALLISA COUNTY,INDEPENDENT,KAKUBA SULTAN JUMA,"2,828"
PALLISA COUNTY,PPP,OCEN JAMES,682
KAKUUTO COUNTY,INDEPENDENT,KALEMA PETERO,211
KAKUUTO COUNTY,NRM,KASAMBA MATHIAS,"13,006"
KAKUUTO COUNTY,FIL,KIZITO DEO LUKYAMUZI,"8,331"
KAKUUTO COUNTY,DP,KAGGWA GODFREY,286
KAKUUTO COUNTY,FDC,WASWA SENTANDA GEOFFREY,517
KAKUUTO COUNTY,INDEPENDENT,SSERWANGA SAMUEL,"3,952"
KOOKI COUNTY,FDC,KAYIMA OSBORN DESIRE,"2,156"
KOOKI COUNTY,UFA,BAREKYE ALI TURYAHIKAYO,383
KOOKI COUNTY,NRM,MANDERA AMOS,"39,114"
KOOKI COUNTY,INDEPENDENT,KANSIIME BENON,394
KOOKI COUNTY,INDEPENDENT,BAGENDA SSENFUKA,"1,487"
KOOKI COUNTY,INDEPENDENT,MAGULUMAALI ERASMUS MUGUMYA,"11,150"
KOOKI COUNTY,INDEPENDENT,KASIIBA JOHN,"1,336"
KYOTERA COUNTY,INDEPENDENT,SSEMUJU HERMAN JOSEPH MUKASA,"1,089"
KYOTERA COUNTY,INDEPENDENT,KYEYUNE HARUN,"18,097"
KYOTERA COUNTY,DP,SSEBUWUFU JOHN MARY,"2,821"
KYOTERA COUNTY,NRM,MUJUZI PIUS,"12,538"
KYOTERA COUNTY,INDEPENDENT,LUBEGA DAMIAN W. K.,"5,231"
RUBABO COUNTY,INDEPENDENT,TUSIIMIRE AMON,634
RUBABO COUNTY,INDEPENDENT,TUSHABOMWE DAVID NDINDIRIZE,"13,021"
RUBABO COUNTY,INDEPENDENT,MUGARURA GEORGE,162
RUBABO COUNTY,FDC,MUGYENZI KIFAAKU RICHARD,"4,946"
RUBABO COUNTY,NRM,TURYAHIKAYO KEBIRUNGI MARY PAULA,"25,721"
RUJUMBURA COUNTY,NRM,MUHWEZI JIM KATUGUGU,"25,034"
RUJUMBURA COUNTY,FDC,TUMUHEIRWE FRED TURYAMUHWEZA,"18,571"
RUJUMBURA COUNTY,UFA,TUGUME FRANCO,255
RUJUMBURA COUNTY,INDEPENDENT,KATO MOSES,286
RUJUMBURA COUNTY,INDEPENDENT,RWOMUSHANA CHARLES,410
RUKUNGIRI MUNICIPALITY,INDEPENDENT,AGABA OSBERT MURIISA,173
RUKUNGIRI MUNICIPALITY,INDEPENDENT,RUTAHIGWA ELISA,"2,094"
RUKUNGIRI MUNICIPALITY,NRM,KAKURANGA RUHINDI SILVER,"3,862"
RUKUNGIRI MUNICIPALITY,FDC,MUGUME ROLAND,"6,516"
RUKUNGIRI MUNICIPALITY,UFA,MUGARURA ROGERS,204
SOROTI COUNTY,INDEPENDENT,LULE JOHN,895
SOROTI COUNTY,INDEPENDENT,ANYOLO SAMUEL,"3,557"
SOROTI COUNTY,INDEPENDENT,OPIT WILLIAM,"1,308"
SOROTI COUNTY,INDEPENDENT,EBITU SIMON PETER,768
SOROTI COUNTY,NRM,ENOMU VINCENT I.,"15,543"
SOROTI COUNTY,FDC,OMOLO PETER,"22,848"
SOROTI COUNTY,UPC,OKAE ENGIROT LAWRENCE,"2,604"
SOROTI COUNTY,PPP,ORIOKOT JIMMY,911
SOROTI COUNTY,DP,OKOROPOT RAPHAEL,"4,173"
SOROTI MUNICIPALITY,UPC,EGWAU GODFREY,632
SOROTI MUNICIPALITY,FDC,ATTAN OKIA MOSES,"6,098"
SOROTI MUNICIPALITY,INDEPENDENT,OJUR PETER,213
SOROTI MUNICIPALITY,INDEPENDENT,EKEMU CHARLES WILLY,248
SOROTI MUNICIPALITY,NRM,MUKULA GEORGE MICHAEL,"9,167"
TORORO COUNTY,FDC,EKANYA GEOFREY,"17,382"
TORORO COUNTY,NRM,OMITA EDWARD OTHENO MARK,"8,949"
TORORO COUNTY,UPC,OSINDE MICHAEL,"1,063"
TORORO COUNTY,INDEPENDENT,OJORE RICHARD,"11,533"
TORORO COUNTY,INDEPENDENT,OCHWO GODFREY,143
TORORO COUNTY,INDEPENDENT,OLOWO VINCENT,287
TORORO COUNTY,INDEPENDENT,DAMBYO OCHIENG WILLY,378
TORORO COUNTY,INDEPENDENT,ONGURA-MONG CHRISSIE OPURU,"3,385"
WEST BUDAMA COUNTY SOUTH,PPP,OCHWO WILSON NYAMOKA,130
WEST BUDAMA COUNTY SOUTH,FDC,OLUKA JOHN PAUL,263
WEST BUDAMA COUNTY SOUTH,UPC,OCHOLA GRACE MARY,"1,041"
WEST BUDAMA COUNTY SOUTH,INDEPENDENT,OBOTH MARKSONS JACOB,"17,210"
WEST BUDAMA COUNTY SOUTH,NRM,OTIAM OTAALA EMMANUEL,"16,034"
TORORO MUNICIPALITY,INDEPENDENT,ETYANG EDGAR EMMANUEL ENYAIT,2
TORORO MUNICIPALITY,INDEPENDENT,OKWARE ROBERT,10
TORORO MUNICIPALITY,INDEPENDENT,MUGENI JAMES WILLIAM,23
TORORO MUNICIPALITY,PDP,OLADO ORAMBA TONNY,8
TORORO MUNICIPALITY,UPC,ANGURA PAUL,81
TORORO MUNICIPALITY,FDC,OWORI PETER,398
TORORO MUNICIPALITY,INDEPENDENT,TANNA SANJAY,"7,578"
TORORO MUNICIPALITY,NRM,YERI OFWONO APOLLO,"5,227"
WEST BUDAMA COUNTY NORTH,DP,OWORI JOHN PAUL,888
WEST BUDAMA COUNTY NORTH,INDEPENDENT,OKUMU BEN,334
WEST BUDAMA COUNTY NORTH,INDEPENDENT,ODOI OYWELOWO FOX,"19,571"
WEST BUDAMA COUNTY NORTH,PPP,ALIKA DAVID OPII,"1,208"
WEST BUDAMA COUNTY NORTH,UPC,OCHIENO JOSEPH PINYTEK,"2,199"
WEST BUDAMA COUNTY NORTH,NRM,OKECHO WILLIAM,"13,161"
WEST BUDAMA COUNTY NORTH,FDC,DEMBA JOSEPH OCHWO,748
EAST MOYO COUNTY,INDEPENDENT,DRAGA GASPER,332
EAST MOYO COUNTY,NRM,ALI MOSES,"13,925"
EAST MOYO COUNTY,FDC,MAWADRI SUNDAY,"2,988"
EAST MOYO COUNTY,UPC,OBOMA ISAAC,726
EAST MOYO COUNTY,INDEPENDENT,PIRO SANTOS ERUAGA,"13,508"
EAST MOYO COUNTY,INDEPENDENT,VUSIYA BANGI LINA PYERA,"1,045"
BUKOOLI COUNTY NORTH,NRM,BAKA STEPHEN MUGABI,"21,675"
BUKOOLI COUNTY NORTH,UPC,MWONDHA PATRICK JOHN,"1,546"
BUKOOLI COUNTY NORTH,INDEPENDENT,BALINGIRIRA ABDUL NAKENDO,"4,789"
BUKOOLI COUNTY NORTH,PDP,GOWA MUHAMMED,269
BUKOOLI COUNTY NORTH,JEEMA,BASALIRWA ASUMAN,"8,319"
BUKOOLI COUNTY CENTRAL,NRM,LYAVALA SIRAGI SAMANYA,"10,618"
BUKOOLI COUNTY CENTRAL,FDC,OGUTTU WAFULA PHILLIP,"16,226"
BUKOOLI COUNTY CENTRAL,INDEPENDENT,SILWANY SOLOMON,"5,157"
BUKOOLI COUNTY CENTRAL,INDEPENDENT,MUKISA FRED DOUGLAS,"10,498"
BUKOOLI COUNTY CENTRAL,UPC,MUYAMBA MUZAMIRU,703
SAMIA BUGWE COUNTY NORTH,INDEPENDENT,CHAKA NICHOLAS EFUMBI MASAAKA,"1,030"
SAMIA BUGWE COUNTY NORTH,NRM,MULIMBA JOHN,"9,244"
SAMIA BUGWE COUNTY NORTH,DP,MUNGECHA FRED MAYENDE,156
SAMIA BUGWE COUNTY NORTH,INDEPENDENT,MUNYIRA WABWIRE ROSE OMUSOLO,"4,952"
SAMIA BUGWE COUNTY NORTH,INDEPENDENT,OJAMBO TONNY,295
SAMIA BUGWE COUNTY NORTH,INDEPENDENT,OKWARE JOHN DALTON,"1,743"
SAMIA BUGWE COUNTY NORTH,UPC,OMONGIN-ODEKE ROBERT HENRY,774
SAMIA BUGWE COUNTY NORTH,FDC,SANYA EMMANUEL MANGO,"3,246"
SAMIA BUGWE COUNTY NORTH,INDEPENDENT,WASIKEMELCKZEDECK,"1,196"
SAMIA BUGWE COUNTY NORTH,INDEPENDENT,WASIKE STEPHEN MUGENI,"3,379"
SAMIA BUGWE COUNTY SOUTH,INDEPENDENT,MAGANDA JULIUS,"22,030"
SAMIA BUGWE COUNTY SOUTH,NRM,OPIO GABRIEL,"20,051"
SAMIA BUGWE COUNTY SOUTH,FDC,OUMA PETER IDDI,320
SAMIA BUGWE COUNTY SOUTH,UFA,WESONGA JOEL OPITI,143
BUSIA MUNICIPALITY,INDEPENDENT,AMAM VICENT EGESA,353
BUSIA MUNICIPALITY,NRM,AWORI AGGREY SIRYOYI,"4,326"
BUSIA MUNICIPALITY,UPC,KASUMBA RIKJARD FRANK,163
BUSIA MUNICIPALITY,PPP,NAMBALE MARTIN,42
BUSIA MUNICIPALITY,UFA,NYONGESA JUDE,685
BUSIA MUNICIPALITY,FDC,TAAKA KEVINAH WANAHA WANDERA,"5,172"
TOROMA COUNTY,FDC,OKIROR JOSEPH,682
TOROMA COUNTY,NRM,KOLUO JOSEPH ANDREW,"3,698"
TOROMA COUNTY,UPC,OMIAT ANDREW JOSEPH,247
TOROMA COUNTY,INDEPENDENT,AMODOI CYRUS IMALINGAT,"5,481"
TOROMA COUNTY,INDEPENDENT,AKABWAI HILDA PENLOPE,"4,339"
TOROMA COUNTY,INDEPENDENT,ELAKAS D. WALTER OKIRING,576
TOROMA COUNTY,INDEPENDENT,ODAKA MARTIN OMEEDO,644
USUK COUNTY,FDC,OCATUM JOSEPH PAUL,495
USUK COUNTY,NRM,OLENY CHARLES OJOK,10975
USUK COUNTY,UPC,ANUKUR MARTIN OKWAKOL,660
USUK COUNTY,INDEPENDENT,OLEUMO EMMANUEL,129
USUK COUNTY,INDEPENDENT,OROMAIT MICHAEL,12637
USUK COUNTY,INDEPENDENT,OKOLO MARTIN MORRIS,214
BUDYEBO COUNTY,NRM,MUKASA MURULI WILSON,"20,599"
BUDYEBO COUNTY,INDEPENDENT,BASIGARA MUSTAFA,"3,058"
BUDYEBO COUNTY,INDEPENDENT,SSEKATE JOHN BANOBA,0
NAKASONGOLA COUNTY,NRM,NYOMBI PETER,"14,167"
NAKASONGOLA COUNTY,PPP,KASOZI SAMUEL,487
NAKASONGOLA COUNTY,INDEPENDENT,KIGUDDE JAMES,523
NAKASONGOLA COUNTY,INDEPENDENT,SEKAME SEMPUNGU DAVID,164
NAKASONGOLA COUNTY,INDEPENDENT,KAKUMBA GEOFFRY,419
NAKASONGOLA COUNTY,INDEPENDENT,BAGONZA CHRISTOPHER,"8,034"
NAKASONGOLA COUNTY,FDC,SSEMBAJJWE HENRY,306
LWEMIYAGA COUNTY,INDEPENDENT,NKALUBO PATRICK,"8,190"
LWEMIYAGA COUNTY,NRM,SSEKIKUBO THEODORE,"8,593"
MAWOGOLA COUNTY,INDEPENDENT,DDAMULIRA FAISAL,342
MAWOGOLA COUNTY,NRM,KUTESA KAHAMBA SAMUEL,"34,571"
MAWOGOLA COUNTY,FDC,MUKASA ABDU,"1,720"
MAWOGOLA COUNTY,INDEPENDENT,NTUMWA ISHA,"8,198"
MAWOGOLA COUNTY,INDEPENDENT,MUSHABE GUREME DAVID,"6,390"
KITAGWENDA COUNTY,NRM,BYAMUKAMA NULU,"21,173"
KITAGWENDA COUNTY,FDC,RUHWEZA JOSEPH BYABAGAMBI BUGANDA,659
KITAGWENDA COUNTY,DP,MUTAHIGWA DAMIAN,189
KITAGWENDA COUNTY,INDEPENDENT,AGABA ABBAS MUGISA,"15,739"
KITAGWENDA COUNTY,INDEPENDENT,MUGISHA JOSEPH,152
KITAGWENDA COUNTY,INDEPENDENT,SPENCER GEORGE,"3,797"
KITAGWENDA COUNTY,INDEPENDENT,KARUNGI HELLEN,577
KIBALE COUNTY,FDC,BIRUNGI JAMES OZO,"10,972"
KIBALE COUNTY,NRM,TUMWEBAZE KAGYIGYI FRANK,"49,353"
BBALE COUNTY,INDEPENDENT,KISUBI SSEMBATYA ESAU,677
BBALE COUNTY,UPC,MWANJE AGGREY JOHN,409
BBALE COUNTY,INDEPENDENT,KUMAMA NSAMBA GEORGE WILSON,"13,571"
BBALE COUNTY,INDEPENDENT,KIGOZI ABDU,709
BBALE COUNTY,NRM,MADADA KYEBAKOZE SULEIMAN,"14,826"
NTENJERU COUNTY NORTH,DP,NABAYEGO ALIA,"4,784"
NTENJERU COUNTY NORTH,INDEPENDENT,BANYUMYA TIMOTHY,290
NTENJERU COUNTY NORTH,INDEPENDENT,NSUBUGA  SAZIR MAYANJA,"6,784"
NTENJERU COUNTY NORTH,FDC,TENDO  MARTIN,683
NTENJERU COUNTY NORTH,NRM,LUGOLOOBI  AMOS,"15,919"
NTENJERU COUNTY SOUTH,UPC,KALULU RICHARD,166
NTENJERU COUNTY SOUTH,NRM,KAZIBWE TOM MUSISI,"9,308"
NTENJERU COUNTY SOUTH,DP,NAKIBINGE JOE JJUUKO,657
NTENJERU COUNTY SOUTH,UFA,MUTYABA PHILLY,193
NTENJERU COUNTY SOUTH,INDEPENDENT,NSANJA PATRICK K. MABIRIZI,"9,866"
NTENJERU COUNTY SOUTH,INDEPENDENT,MASAGWAYI  MOSES,"1,298"
NTENJERU COUNTY SOUTH,FDC,MOGA EMMANUEL,750
MWENGE COUNTY NORTH,FDC,SIISA PATRICK,"1,904"
MWENGE COUNTY NORTH,INDEPENDENT,KANANURA STEPHEN KATAAMA,565
MWENGE COUNTY NORTH,INDEPENDENT,BUTIME TOM,"23,274"
MWENGE COUNTY NORTH,NRM,MUHUMUZA DAVID,"26,701"
MWENGE COUNTY NORTH,DP,BYEBIROHA PROTASE,424
MWENGE COUNTY SOUTH,FDC,KALIIJA JAMES KATS,"2,449"
MWENGE COUNTY SOUTH,INDEPENDENT,MUGISHA VINCENT,"13,665"
MWENGE COUNTY SOUTH,UPC,MUSINGUZI PEREZI,653
MWENGE COUNTY SOUTH,NRM,KAJARA ASTON PETERSON,"28,210"
BUNYA COUNTY EAST,UFA,BAIZENAKI NELSON,385
BUNYA COUNTY EAST,UPC,NAKAWUMA IRENE,409
BUNYA COUNTY EAST,NRM,WAIRA KYEWALABYE MAJEGERE,"14,131"
BUNYA COUNTY EAST,INDEPENDENT,KUBEKETERYA JAMES,"10,383"
BUNYA COUNTY EAST,INDEPENDENT,OCHWO CLEMENT ODOI,360
BUNYA COUNTY EAST,INDEPENDENT,KIGENYI MWANDHA SAMUEL,568
BUNYA COUNTY SOUTH,INDEPENDENT,WAKAKE IBRAHIM,109
BUNYA COUNTY SOUTH,INDEPENDENT,NTENDE ROBERT,"7,524"
BUNYA COUNTY SOUTH,INDEPENDENT,KYEYAGO YOWALI KAGGWA,"4,146"
BUNYA COUNTY SOUTH,FDC,BUDAKA NELSON,"1,083"
BUNYA COUNTY SOUTH,NRM,ISABIRYE IDDI,"10,465"
BUNYA COUNTY SOUTH,UPC,WERE MUHOFA GEORGE STEVENS,221
BUNYA COUNTY SOUTH,INDEPENDENT,KYALIMPA JOSHUA TASAAGA,"3,262"
BUNYA COUNTY WEST,INDEPENDENT,KISADHA CHRISTOPHER NABETA,"3,632"
BUNYA COUNTY WEST,DP,BABALANDA UTHUMAN,144
BUNYA COUNTY WEST,UPC,LUBANGA RAJAB,215
BUNYA COUNTY WEST,FDC,MUBONDE NASSER,836
BUNYA COUNTY WEST,UEP,WATENTENA JAMES,207
BUNYA COUNTY WEST,LDT,DHAKABA MOHAMMED KIRUNDA,127
BUNYA COUNTY WEST,NRM,BAGIIRE VINCENT WAISWA .O.,"17,744"
BUNYA COUNTY WEST,INDEPENDENT,BAGIIRE AGGREY HENRY,"11,056"
ARUU COUNTY,INDEPENDENT,ODONG JUSTINE,"1,178"
ARUU COUNTY,FDC,ODONGA OTTO SAMUEL,"14,216"
ARUU COUNTY,NRM,KIDEGA NABINSON JAMES,"12,653"
ARUU COUNTY,DP,OBUTU VINCENT OKOTH,"4,165"
ARUU COUNTY,INDEPENDENT,OTEMA JOHN RICHARD,"1,428"
BUDADIRI COUNTY  WEST,NRM,WABUDEYA BEATRICE MUKAYE,"9,336"
BUDADIRI COUNTY  WEST,INDEPENDENT,GIDONGO GEOFFREY SIMON,49
BUDADIRI COUNTY  WEST,INDEPENDENT,GIRULI LIVINGSTONE,0
BUDADIRI COUNTY  WEST,FDC,NANDALA-MAFABI NATHAN,"23,702"
BUDADIRI COUNTY EAST,FDC,SSASAGA ISAIAS JOHNY,"15,380"
BUDADIRI COUNTY EAST,DP,WONIALA DAVID,770
BUDADIRI COUNTY EAST,NRM,WADADA ROGERS,"12,094"
BUDADIRI COUNTY EAST,INDEPENDENT,MUZENZE ROBERT,367
BUDADIRI COUNTY EAST,INDEPENDENT,BULIBA JAMES WAMBOGA,"1,577"
BUDADIRI COUNTY EAST,UPC,KASOOLA MIKE,479
BUSIRO COUNTY EAST,DP,LUBEGA MEDARD SSEGGONA,"44,742"
BUSIRO COUNTY EAST,INDEPENDENT,NSUBUGA PAUL WAMALA,877
BUSIRO COUNTY EAST,NRM,TUMWINE RONALD,"22,731"
BUSIRO COUNTY NORTH,DP,BISASSO MOSES,"1,915"
BUSIRO COUNTY NORTH,NRM,BUKENYA BALIBASEKA GILBERT,"17,382"
BUSIRO COUNTY NORTH,JEEMA,KAGGWA NSEREKO SWAIB,469
BUSIRO COUNTY NORTH,INDEPENDENT,KATYA HUSSEIN BUKENYA,"4,953"
BUSIRO COUNTY NORTH,INDEPENDENT,KIGGUNDU VICENT,155
BUSIRO COUNTY NORTH,INDEPENDENT,MUSOKE EZRA SHOBER,143
BUSIRO COUNTY NORTH,INDEPENDENT,RWABUHIHI EMMANUEL FESTUS,608
BUSIRO COUNTY SOUTH,INDEPENDENT,JUMBA HARUNA SALEH,"6,881"
BUSIRO COUNTY SOUTH,NRM,KAYONDO GRACE,"19,713"
BUSIRO COUNTY SOUTH,DP,MUTEBI JOSEPH BALIKUDEMBE,"24,855"
KYADONDO COUNTY EAST,PPP,KATEREGA BULAIMU,346
KYADONDO COUNTY EAST,PDP,MBOWA JOHN,332
KYADONDO COUNTY EAST,DP,MUTEBI JULIUS,"9,618"
KYADONDO COUNTY EAST,UPC,OKELLO SAM,376
KYADONDO COUNTY EAST,INDEPENDENT,SEGUYA PIUS,"2,092"
KYADONDO COUNTY EAST,NRM,SITENDA SSEBALU,"20,508"
KYADONDO COUNTY EAST,FDC,SSEMUJJU BRAHIM NGANDA,"35,383"
KYADONDO COUNTY NORTH,INDEPENDENT,BAKITTE REGINA,"8,605"
KYADONDO COUNTY NORTH,FDC,KAGULIRE SAMUEL SEBOWA,"9,504"
KYADONDO COUNTY NORTH,UPC,KALULE STUART,314
KYADONDO COUNTY NORTH,NRM,KASULE ROBERT,"22,649"
KYADONDO COUNTY NORTH,DP,KIBANGA SAMUEL JAMES,"13,222"
KYADONDO COUNTY NORTH,UFA,MUKASA JOHN BOSCO,367
KYADONDO COUNTY NORTH,INDEPENDENT,MUSOKE ENOCK KINTU,719
KYADONDO COUNTY NORTH,JEEMA,SSEBUNYA HAMZA AHMED,"2,092"
KYADONDO COUNTY SOUTH,INDEPENDENT,KIGGUNDU SAMUEL ROCK,"2,248"
KYADONDO COUNTY SOUTH,DP,KIKUNGWE ISSA,"23,420"
KYADONDO COUNTY SOUTH,NRM,KYAZZE FRANK,"16,897"
KYADONDO COUNTY SOUTH,INDEPENDENT,KYEYUNE DEUS KUKEERA,613
KYADONDO COUNTY SOUTH,GPP,LUYINDA SULAIMAN,297
KYADONDO COUNTY SOUTH,UFA,MUKASA HERBERT,697
KYADONDO COUNTY SOUTH,INDEPENDENT,MUKASA JOSEPH MATOVU,616
KYADONDO COUNTY SOUTH,FDC,ZIRABAMUZAALE MOSES,"4,205"
ENTEBBE MUNICIPALITY,DP,KAWUMA MOHAMED,"10,812"
ENTEBBE MUNICIPALITY,INDEPENDENT,KIRUMIRA CHARLES,142
ENTEBBE MUNICIPALITY,NRM,MUBANGIZI PATIENCE TUSIIMIRE,"8,973"
ENTEBBE MUNICIPALITY,FDC,SERYAZI WILLIAM WILBERFORCE,"1,005"
ENTEBBE MUNICIPALITY,PPP,WALUSIMBI PAUL,141
ARINGA COUNTY,FDC,DRAJIGA RASUL W.,"5,707"
ARINGA COUNTY,JEEMA,OVUGA IBRAHIM HARUNA,459
ARINGA COUNTY,UPC,ABELE WILFRED WILLY,749
ARINGA COUNTY,INDEPENDENT,OLEGA ASHRAF NOAH,"11,291"
ARINGA COUNTY,INDEPENDENT,ACHILE MANOAH MILA,"16,942"
ARINGA COUNTY,INDEPENDENT,ACIDRI S. BORNFACE,"1,477"
ARINGA COUNTY,INDEPENDENT,DRADRIGA KERUBE MOSES,500
ARINGA COUNTY,NRM,IYIGA RASHID GOVULE,"14,975"
ARINGA COUNTY,DP,ASIA ZUBAIRI,427
ARINGA COUNTY,INDEPENDENT,BOMBASA RASUL AYUBU,"2,668"
KABERAMAIDO COUNTY,INDEPENDENT,EDAKASI ALFRED ELALU-OLALE,"2,857"
KABERAMAIDO COUNTY,INDEPENDENT,ELIANU KILAWA GODFREY,"4,770"
KABERAMAIDO COUNTY,INDEPENDENT,ERESU ELYANU JOHN,842
KABERAMAIDO COUNTY,INDEPENDENT,EDYAU PAUL,690
KABERAMAIDO COUNTY,INDEPENDENT,ENGENYE PETER DEO,175
KABERAMAIDO COUNTY,INDEPENDENT,OGELA ISAAC,125
KABERAMAIDO COUNTY,PPP,OTERU RICHARD,236
KABERAMAIDO COUNTY,FDC,EMIGU JULIUS PETER,"5,808"
KABERAMAIDO COUNTY,NRM,OMOMA KENNETH OLUSEGUN,"5,842"
KABERAMAIDO COUNTY,UPC,EWATU ALFRED,"2,355"
KALAKI COUNTY,DP,KIWANUKA MOSES BENEDICTO,248
KALAKI COUNTY,UPC,EUKU SIMON ROSS,"9,379"
KALAKI COUNTY,INDEPENDENT,ORECH DAVID MARTIN,"4,566"
KALAKI COUNTY,FDC,OCHAN THOMAS,"2,314"
KALAKI COUNTY,NRM,ONGALO OBOTE CLEMENT KENETH,"10,899"
KINKIZI COUNTY EAST,INDEPENDENT,RWEBISHENGYE LAWRENCE BYAMUKAMA,477
KINKIZI COUNTY EAST,INDEPENDENT,KIIZA JAMES,481
KINKIZI COUNTY EAST,FDC,MPWABWOBA CALLIST,"11,510"
KINKIZI COUNTY EAST,NRM,BARYOMUNSI CHRIS,"21,525"
KINKIZI COUNTY WEST,INDEPENDENT,AHIMBISIBWE GAD RUGAJU,"12,807"
KINKIZI COUNTY WEST,NRM,AMAMA MBABAZI,"26,479"
KINKIZI COUNTY WEST,FDC,MUNANIRA ANTHONY,"1,548"
CHEKWII COUNTY (KADAM),INDEPENDENT,ONYANG SYLVESTER,"1,586"
CHEKWII COUNTY (KADAM),INDEPENDENT,LOKIRU SIMON PETER,"3,305"
CHEKWII COUNTY (KADAM),NRM,LOKERIS AIMAT PETER,"6,882"
CHEKWII COUNTY (KADAM),INDEPENDENT,NACHA LORIKA ROSE,720
PIAN COUNTY,NRM,ACHIA REMIGIO,"7,281"
PIAN COUNTY,UPC,LOKOL PAUL,247
PIAN COUNTY,INDEPENDENT,LOMER JAMES JIMMY,"1,885"
KIOGA COUNTY,NRM,OKELLO ANTHONY,"19,240"
KIOGA COUNTY,UFA,OKELLO YUBU,191
KIOGA COUNTY,UPC,CONG NELSON,"5,461"
KIOGA COUNTY,FDC,OJOK B'LEO,"10,078"
AMURIA COUNTY,INDEPENDENT,ESADU HABAKUK,448
AMURIA COUNTY,NRM,ECWERU MUSA FRANCIS,"24,345"
AMURIA COUNTY,UPC,ODUNG WILLY DUNGLUS,"1,576"
AMURIA COUNTY,FDC,ECERU MOSES AGA,"14,775"
KAPELEBYONG COUNTY,INDEPENDENT,MALINGA JOHNSON,"6,081"
KAPELEBYONG COUNTY,INDEPENDENT,ERIATU FRANCIS HENSLEY,353
KAPELEBYONG COUNTY,INDEPENDENT,EDEKU JOHN JOSEPH,451
KAPELEBYONG COUNTY,FDC,CHIENG SAMUEL AROCA,724
KAPELEBYONG COUNTY,UPC,OCULI FREDERICK JACKSON,"1,064"
KAPELEBYONG COUNTY,NRM,ERIAKU PETER EMMANUEL,"9,796"
KONGASIS COUNTY,NRM,SABILA NELSON,"12,610"
KONGASIS COUNTY,FDC,MALINGA TENDERESSY ZAKAYO,"1,135"
KONGASIS COUNTY,INDEPENDENT,BARTILE JOHNSON TOSKIN,"8,433"
BUNYOLE EAST COUNTY,NRM,DOMBO EMMANUEL LUMALA,"19,377"
BUNYOLE EAST COUNTY,DP,MUTEMBULI YUSUF,"12,147"
BUNYOLE EAST COUNTY,FDC,MWANGALE PETER,471
BUNYOLE WEST COUNTY,INDEPENDENT,GULOBA YEFUSA WALUMANYIRA,"2,078"
BUNYOLE WEST COUNTY,INDEPENDENT,MBUBI ISAAC,"2,517"
BUNYOLE WEST COUNTY,INDEPENDENT,MUGOYA SALI HAMUDAH,"8,355"
BUNYOLE WEST COUNTY,INDEPENDENT,WANDERA DENIS WAHUSUYE,"1,307"
BUNYOLE WEST COUNTY,NRM,WANGOLO JACOB,"11,988"
BUNYOLE WEST COUNTY,UPC,WEGULO GESSA JOHN PATRICK,365
IBANDA COUNTY NORTH,INDEPENDENT,BYAMUKAMA DAVID KAKAMA,64
IBANDA COUNTY NORTH,INDEPENDENT,GUMA GUMISIRIZA DAVID,"15,081"
IBANDA COUNTY NORTH,INDEPENDENT,TAYEBWAMUKAMA MARK,103
IBANDA COUNTY NORTH,NRM,KYOOMA XAVIER AKAMPURIRA,"18,609"
IBANDA COUNTY NORTH,UFA,NKWASIBWE FRANCIS,48
IBANDA COUNTY NORTH,UPC,MUGISHA GIDION,21
IBANDA COUNTY NORTH,FDC,MURIGYE DONALD,317
IBANDA COUNTY SOUTH,NRM,BYABAGAMBI JOHN,"30,005"
IBANDA COUNTY SOUTH,UPC,ABENITWE ALLEN,66
IBANDA COUNTY SOUTH,INDEPENDENT,MUGYENYI JOEL KENNETH TUMUHAIRWE,"1,535"
IBANDA COUNTY SOUTH,FDC,KASANDE MARGARET BARYAHARWEGO,"8,373"
ISINGIRO COUNTY NORTH,DP,MUKUYE ALEX JORDAN,52
ISINGIRO COUNTY NORTH,INDEPENDENT,MUGYENYI POSIANO R,"18,289"
ISINGIRO COUNTY NORTH,UFA,KAKURU JOHN BAPTIST,39
ISINGIRO COUNTY NORTH,NRM,RWAMIRAMA BRIGHT KANYONTORE,"18,811"
BUKANGA COUNTY,DP,DDEMBE SHAFFIC SSIMBWA,"2,369"
BUKANGA COUNTY,FDC,TUGUME KENNETH SABIITI,"3,212"
BUKANGA COUNTY,NRM,MATOVU GREGORY,"38,862"
ISINGIRO COUNTY SOUTH,INDEPENDENT,KAKWENZA GRACE ASIIMWE,"8,378"
ISINGIRO COUNTY SOUTH,UFA,BYARUHANGA INNOCENT,343
ISINGIRO COUNTY SOUTH,INDEPENDENT,BWENGYE EMMANUEL KABATERAINE,"1,450"
ISINGIRO COUNTY SOUTH,INDEPENDENT,AGIRESAASI  APOPHIA,"2,865"
ISINGIRO COUNTY SOUTH,FDC,KANYESIGYE  ENOS,"1,382"
ISINGIRO COUNTY SOUTH,NRM,BYARUGABA ALEX BAKUNDA,"25,493"
DODOTH EAST COUNTY,NRM,LOKERIS SAMSON,"10,663"
DODOTH EAST COUNTY,INDEPENDENT,ABUKU MARK SAGAL LOWANY,"9,494"
DODOTH WEST COUNTY,NRM,LOKODO SIMON,"8,143"
DODOTH WEST COUNTY,INDEPENDENT,LOKWANG PHILIPHS ILUKOL,"3,332"
BULAMOGI COUNTY,NRM,WAMBUZI NELSON GAGAWALA GEORGE,"22,202"
BULAMOGI COUNTY,UFA,BAMUKOBEIRE RICHARD,342
BULAMOGI COUNTY,INDEPENDENT,LUBOGO KENNETH,"23,136"
BULAMOGI COUNTY,INDEPENDENT,YAHYA ABDALLAH MOHAMMED,"3,605"
BULAMOGI COUNTY,FDC,TAYOLEKE WILBERFORCE,359
BULAMOGI COUNTY,PPP,MUKABIRE SAMUEL,215
BULAMOGI COUNTY,INDEPENDENT,MUGABI IVAN,156
BULAMOGI COUNTY,UPC,MUKASA JOSAMU,126
NYABUSHOZI COUNTY,INDEPENDENT,TUMURAMYE GENENSIIO,"13,336"
NYABUSHOZI COUNTY,NRM,MWESIGYE FRED,"38,993"
NYABUSHOZI COUNTY,FDC,RUHANGAWEBALE SYLVER,228
NYABUSHOZI COUNTY,INDEPENDENT,LUKURWE HAM WILSON,150
KAZO COUNTY,NRM,NASASIRA JOHN MWOONO,"38,398"
KAZO COUNTY,INDEPENDENT,NKOREKI CHRISSY ABEL,"15,182"
KAZO COUNTY,INDEPENDENT,AINE ABEL,287
KAZO COUNTY,FDC,MWETEISE BINTABARA,"1,084"
KOBOKO COUNTY,DP,DRONYI DAVID,"9,769"
KOBOKO COUNTY,INDEPENDENT,SANYA ISAAC AMBE,"1,070"
KOBOKO COUNTY,NRM,AWONGO AHMED,"17,671"
KOBOKO COUNTY,FDC,YAKANI CHARLES,"5,561"
KOBOKO COUNTY,PPP,AWULE NELSON,"2,620"
BUBULO COUNTY EAST,INDEPENDENT,WOPUWA GEORGE WILLIAM,11
BUBULO COUNTY EAST,INDEPENDENT,WAMAMELA NIXON,"1,603"
BUBULO COUNTY EAST,NRM,MULONGO SIMON,"34,634"
BUBULO COUNTY EAST,INDEPENDENT,MASIKA APOLLO W.,814
BUBULO COUNTY EAST,UFA,KUROBE SAMUEL,"1,510"
BUBULO COUNTY EAST,FDC,TSEWULE MARTINS MUSUNDI,"1,959"
BUBULO COUNTY EAST,UPC,NYOTE DAVID INNOCENT,"13,588"
BUBULO COUNTY WEST,INDEPENDENT,WAKUMA AARON,303
BUBULO COUNTY WEST,UPC,WANDEREMA ANDREW WALUKHU,449
BUBULO COUNTY WEST,INDEPENDENT,BUKENI GYABI,"6,034"
BUBULO COUNTY WEST,INDEPENDENT,BUTITA PAUL,451
BUBULO COUNTY WEST,INDEPENDENT,WALUKU RONNY WATAKA,"8,944"
BUBULO COUNTY WEST,INDEPENDENT,WANJUZI WASIEBA SYLVESTER,"8,103"
BUBULO COUNTY WEST,NRM,KIPOI TONNY NSUBUGA,"14,918"
BUBULO COUNTY WEST,CP,WASIBI JOSEPH MAGIRA,"1,698"
BUSUJJU COUNTY,DP,KYEYUNE ALOSIUS KITIKYAMUWOGO,986
BUSUJJU COUNTY,INDEPENDENT,MUSOKE JOSEPH,"5,678"
BUSUJJU COUNTY,INDEPENDENT,MUKASA RONALD KIWALABYE,430
BUSUJJU COUNTY,NRM,NYANZI VICENT,"10,625"
BUSUJJU COUNTY,INDEPENDENT,LUKYAMUZI DAVID KALWANGA,"5,063"
BUSUJJU COUNTY,FDC,BULEGA NKALUBO MUSA,615
MITYANA COUNTY NORTH,NRM,KIWANDA GODFREY SSUUBI,"11,381"
MITYANA COUNTY NORTH,PDP,MUGISHA PATRICK NSHIMYE,356
MITYANA COUNTY NORTH,INDEPENDENT,SEMAKULA KIWANUKA MATIA MULUMBA,71
MITYANA COUNTY NORTH,INDEPENDENT,NSIMBE WYCLIFFE REAVAN,"1,863"
MITYANA COUNTY NORTH,INDEPENDENT,KABAGAMBE JOHN BOSCO,295
MITYANA COUNTY NORTH,INDEPENDENT,SEMATIKO GORDON KATENDE,"6,001"
MITYANA COUNTY NORTH,INDEPENDENT,SSEMUDDU DANIEL KABUGO,874
MITYANA COUNTY NORTH,FDC,KASOZI INNOCENT FRANCIS,899
MITYANA COUNTY SOUTH,INDEPENDENT,SSEBBOMBO EDWARD,619
MITYANA COUNTY SOUTH,NRM,MAKUMBI KAMYA HENRY,"19,249"
MITYANA COUNTY SOUTH,INDEPENDENT,KADDUMUKASA SSOZI JEROME,"20,611"
MITYANA COUNTY SOUTH,UFA,WAGGWA CYRUS,203
NAKASEKE NORTH,NRM,BBUMBA SYDA .M. NAMIREMBE,"23,196"
NAKASEKE NORTH,FDC,KABAREMA MOSES SEBATA,824
NAKASEKE NORTH,INDEPENDENT,NTAMBI HENREY,220
NAKASEKE NORTH,INDEPENDENT,WASSWA PATRICK,"1,364"
NAKASEKE SOUTH COUNTY,FDC,SSEGUYA MATOVU EDWARD,"1,264"
NAKASEKE SOUTH COUNTY,NRM,SEMPALA MBUGA EDWARD WILLIAM,"12,098"
NAKASEKE SOUTH COUNTY,DP,LUTTAMAGUZI  SEMAKULA PAULSON,"1,849"
NAKASEKE SOUTH COUNTY,UFA,MUNIINA LUZIGE STEVEN,406
NAKASEKE SOUTH COUNTY,INDEPENDENT,KAKOOZA RICHARD,"1,798"
NAKASEKE SOUTH COUNTY,INDEPENDENT,LWANGA CHARLES,169
NAKASEKE SOUTH COUNTY,INDEPENDENT,KABEMBULA ISMAIL,"6,403"
LABWOR COUNTY,INDEPENDENT,OWINY CHARLES DICKENS,"4,490"
LABWOR COUNTY,INDEPENDENT,OTIM-OMARA YAFES,"2,413"
LABWOR COUNTY,UPC,OCHENG JOSEPH ANYING,47
LABWOR COUNTY,NRM,AYEPA MICHAEL,"10,649"
LABWOR COUNTY,INDEPENDENT,KANYANGARENG OSCAR OKECH,391
KILAK COUNTY,INDEPENDENT,OPENY WILFRED,403
KILAK COUNTY,INDEPENDENT,LOUM JACK-LAKANA,200
KILAK COUNTY,INDEPENDENT,NYEKO MICHAEL OCULA,"1,138"
KILAK COUNTY,INDEPENDENT,OLANYA GILBERT,"9,850"
KILAK COUNTY,INDEPENDENT,LANAM KIJANGE,"1,923"
KILAK COUNTY,UPC,ODOKONYERO RICHARD,823
KILAK COUNTY,UFA,ONIBA BONIFACE EKANYA,230
KILAK COUNTY,FDC,AKOL ANTHONY,"8,095"
KILAK COUNTY,NRM,ODOKI JOE ALFRED,"3,766"
KILAK COUNTY,DP,OTIM FRANCIS,"1,470"
KILAK COUNTY,INDEPENDENT,OKOT GEOFFREY,562
BUDAKA COUNTY,INDEPENDENT,MBOGO KEZEKIA,"11,331"
BUDAKA COUNTY,INDEPENDENT,PAJJE EMMANUEL,699
BUDAKA COUNTY,INDEPENDENT,MUDOOLA DANIEL,914
BUDAKA COUNTY,INDEPENDENT,MUKAMBA GEORGE,"6,851"
BUDAKA COUNTY,NRM,KASIBBO JOSHUA OMAYENDE,"8,165"
BUDAKA COUNTY,INDEPENDENT,KIRYA GABRIEL,336
BUDAKA COUNTY,INDEPENDENT,WALIRAKI JOHN BOSCO,391
BUDAKA COUNTY,DP,IKOMBA WAKI EDWARD,283
BUDAKA COUNTY,INDEPENDENT,MUNUNA RAPHEAL,556
IKI-IKI COUNTY,INDEPENDENT,GOWOLA SAMUEL,348
IKI-IKI COUNTY,UPC,NJAYE SAM BAYA,490
IKI-IKI COUNTY,FDC,GAWAYA TEGULLE,"4,365"
IKI-IKI COUNTY,NRM,TWA-TWA MUTWALANTE JEREMIAH,"6,317"
IKI-IKI COUNTY,INDEPENDENT,KAGENI LOI KIRYAPAWO,"2,959"
IKI-IKI COUNTY,INDEPENDENT,KASOLO ROBERT,"5,667"
BULIISA COUNTY,NRM,BIRAAHWA MUKITALE STEPHEN ADYEERI,"14,119"
BULIISA COUNTY,INDEPENDENT,MWESIGWA GODFREY KAMUGISA,"10,924"
BULIISA COUNTY,FDC,BIGIRWENKYA NAPHTALI KWEMPARA,405
BULIISA COUNTY,UPC,ASIIMWE ABEL MULIMBA,175
DOKOLO COUNTY,UPC,OKOLA KOLAMONG NELSON,497
DOKOLO COUNTY,UFA,ECAR OBOTE PIUS,208
DOKOLO COUNTY,NRM,OKOT OGONG FELIX,"22,563"
DOKOLO COUNTY,FDC,AMORU PAUL OMIAT,"17,096"
BUSIKI COUNTY,INDEPENDENT,BAITE MUNOBWA SEFATTYA W.,495
BUSIKI COUNTY,INDEPENDENT,BULENZI MUSA,"1,789"
BUSIKI COUNTY,FDC,LWANGA ABDALLAH  JAMAL,"4,106"
BUSIKI COUNTY,NRM,ASUPASA ISIKO WILSON MPONGO,"25,220"
BUSIKI COUNTY,INDEPENDENT,MUKOSE MOSES MUTABAALI,"24,245"
BUSIKI COUNTY,UPC,KAFUKO PATRICK HUBERT JAMES,226
OYAM COUNTY NORTH,NRM,OGENA XAVIER,"4,049"
OYAM COUNTY NORTH,INDEPENDENT,OPUL DICKSON DAVID,"9,013"
OYAM COUNTY NORTH,DP,NAM JOE,383
OYAM COUNTY NORTH,INDEPENDENT,MOTO JULIUS PETER,"1,849"
OYAM COUNTY NORTH,INDEPENDENT,WACHA BEN,"8,405"
OYAM COUNTY NORTH,UPC,AYENA KRISPUS,"17,940"
OYAM COUNTY SOUTH,INDEPENDENT,OKECH ALFRED,312
OYAM COUNTY SOUTH,INDEPENDENT,OKELLO DENIS,"1,471"
OYAM COUNTY SOUTH,INDEPENDENT,OTTO ISHAA  AMIZA,"4,573"
OYAM COUNTY SOUTH,INDEPENDENT,OTTO SAM OCOLA,"8,450"
OYAM COUNTY SOUTH,NRM,OJOKA JACKSON OJOK,"7,402"
OYAM COUNTY SOUTH,FDC,ONGAR GILES DENNIS,873
OYAM COUNTY SOUTH,UPC,AMONGI BETTY ONGOM,"12,111"
MARACHA COUNTY,NRM,ANGUALIA LAUS RICHARD,"14,708"
MARACHA COUNTY,FDC,OGUZU DENIS LEE,"7,427"
MARACHA COUNTY,INDEPENDENT,AADROA ALEX ONZIMA,"16,154"
MANJIYA COUNTY,INDEPENDENT,KIMASWA ROGERS NATSAMI,458
MANJIYA COUNTY,NRM,WAKIKONA WANDENDEYA DAVID,"26,243"
MANJIYA COUNTY,INDEPENDENT,MODOI ISAAC,"11,347"
MANJIYA COUNTY,FDC,KULOBA PETER KANNO,"1,117"
BUKEDEA COUNTY,INDEPENDENT,IKOJO JOHN BOSCO,"12,208"
BUKEDEA COUNTY,INDEPENDENT,EDIKOI MICHAEL,846
BUKEDEA COUNTY,INDEPENDENT,OKUTA DOMINIC,990
BUKEDEA COUNTY,FDC,ODUMAN ALBERT CHARLES OKELLO,"7,436"
BUKEDEA COUNTY,NRM,EKUMA GEORGE STEPHEN,"12,593"
BUKEDEA COUNTY,UPC,ETIANG JOHN EMMANUEL,613
BUKEDEA COUNTY,INDEPENDENT,OMAGOR DAVID STEPHEN,"3,631"
BUKEDEA COUNTY,INDEPENDENT,OBILAN ABUBAKAR UMAR,"4,044"
KABULA COUNTY,INDEPENDENT,MWEBAZE MOSES,113
KABULA COUNTY,INDEPENDENT,KIZITO ROBERT,73
KABULA COUNTY,INDEPENDENT,ASIIMWE K. ENOSI,"11,433"
KABULA COUNTY,UFA,NAKAMOGA SCOVIA,186
KABULA COUNTY,DP,MUGENYI SEMANDA,185
KABULA COUNTY,NRM,KAKOOZA JAMES,"13,962"
UPE COUNTY,NRM,LOLEM MICAH AKASILE,"6,429"
UPE COUNTY,UPC,KIYONGA FRANCIS ADAMSON,"3,654"
BUIKWE COUNTY NORTH,INDEPENDENT,KIRUNDA ALI,"1,775"
BUIKWE COUNTY NORTH,INDEPENDENT,KIBWIKA IVAN,114
BUIKWE COUNTY NORTH,PDP,KABEMBA JUSTINE,287
BUIKWE COUNTY NORTH,DP,NAAKATYA NSAMBA KASUMBA DOREEN,"2,031"
BUIKWE COUNTY NORTH,NRM,KAKOBA ONYANGO,"12,312"
BUIKWE COUNTY NORTH,INDEPENDENT,MWANGI ALEX,120
BUIKWE COUNTY NORTH,FDC,KALAZANI CHARLES,"6,835"
BUIKWE COUNTY NORTH,INDEPENDENT,OPONDO PONDO JOSEPH OWOR,"5,123"
BUIKWE COUNTY NORTH,INDEPENDENT,NAHALE JOHN CHRIZESTOM,121
BUIKWE COUNTY NORTH,INDEPENDENT,NTALE EDIRISA,"2,944"
BUIKWE COUNTY NORTH,INDEPENDENT,MAGALA ISAAC NELSON,85
BUIKWE COUNTY NORTH,UFA,SEBUNYA SANJULA RICHARD,"1,252"
BUIKWE COUNTY SOUTH,DP,BAYIGGA MICHAEL P. LULUME,"17,805"
BUIKWE COUNTY SOUTH,NRM,MUTEBI DAVID RONNIE,"17,641"
BUIKWE COUNTY WEST,DP,BOGERE RICHARD SSENKAABA,"8,304"
BUIKWE COUNTY WEST,NRM,SSALI BAKER,"12,007"
BUIKWE COUNTY WEST,UFA,BAYIWA NORMAN,416
BUIKWE COUNTY WEST,UPC,OPOBO ORYEMA,245
BUIKWE COUNTY WEST,INDEPENDENT,KIGOZI DAN,206
BUIKWE COUNTY WEST,INDEPENDENT,KANYIKE ANTHONY WILLIAM HENRY,"1,149"
BUIKWE COUNTY WEST,INDEPENDENT,KAFULUMA MOHAMMED,112
BUIKWE COUNTY WEST,INDEPENDENT,MUWULIZE NORMAN,"4,464"
BUIKWE COUNTY WEST,FDC,SENDI DENIS,"1,031"
BUDIOPE EAST COUNTY,NRM,BALYEJJUSA SULAIMAN KIRUNDA,"24,358"
BUDIOPE EAST COUNTY,FDC,MUWEESI PAUL,"1,938"
BUDIOPE EAST COUNTY,DP,BIGIRWA MOSES,"4,119"
BUDIOPE WEST COUNTY,INDEPENDENT,ZAWUKANYA JOSHUA,"1,520"
BUDIOPE WEST COUNTY,INDEPENDENT,KIRABE SAMUEL,"1,865"
BUDIOPE WEST COUNTY,FDC,WAKABI DOMINIC,"5,834"
BUDIOPE WEST COUNTY,NRM,MUBITO JOHN BOSCO,"17,091"
BUDIOPE WEST COUNTY,INDEPENDENT,BALYEJJUSA JULIUS,"3,495"
KYAKA COUNTY,INDEPENDENT,KATONGOLE BADHUL,"13,633"
KYAKA COUNTY,NRM,KWEMARA NGABU WILLIAM,"34,818"
KYAKA COUNTY,FDC,KAFUUZI JACKSON KARUGABA,"4,382"
LAMWO COUNTY,INDEPENDENT,ORYEM AKABO WILLIAM,747
LAMWO COUNTY,UFA,OPIO JOSEPH,68
LAMWO COUNTY,DP,OCHOLA JAMES PASS OGIKI,"1,439"
LAMWO COUNTY,UPC,LUCIMA OKELLO GEORGE,"4,182"
LAMWO COUNTY,FDC,AABUKA ANTONY J.O,"6,546"
LAMWO COUNTY,NRM,ONEK OBALOKER HILLARY,"16,561"
OTUKE COUNTY,UPC,OGWAL JACINTO DEUSDEDIT,"12,897"
OTUKE COUNTY,NRM,ATUBO OMARA DANIEL,"8,217"
AJURI COUNTY,FDC,ABONGO O. ELIZABETH,"4,536"
AJURI COUNTY,UPC,EGUM MARTIN,"3,970"
AJURI COUNTY,NRM,OBUA DENIS HAMSON,"9,454"
AJURI COUNTY,INDEPENDENT,ONGOM EMMANUEL OKWEL,"6,221"
AJURI COUNTY,INDEPENDENT,ONYOK HOWARD ETUKU,"3,070"
MOROTO COUNTY,FDC,OKOT ALEX,"5,875"
MOROTO COUNTY,UPC,OBUA-OGWAL BENSON,"8,369"
MOROTO COUNTY,NRM,EKULLO ALEX,"4,762"
MOROTO COUNTY,INDEPENDENT,OLEDO ISAAC,"4,232"
BULAMBULI COUNTY,FDC,GASHARI SAMUEL,"11,772"
BULAMBULI COUNTY,NRM,WAMAKUYU MIDIMI,"26,198"
BULAMBULI COUNTY,INDEPENDENT,MAKAI MILTON,815
BULAMBULI COUNTY,UPC,WOKANYASI JULIUS,441
BUVUMA ISLANDS COUNTY,DP,NVIIRI MOHAMMED NORMAN,"1,727"
BUVUMA ISLANDS COUNTY,FDC,KIBERU ANDREW ZIYUNGULA,"1,117"
BUVUMA ISLANDS COUNTY,NRM,MIGADDE ROBERT NDUGWA,"7,900"
GOMBA COUNTY,DP,KYAGABA CHARLES,"12,165"
GOMBA COUNTY,NRM,NAJJEMBA ROSEMARY MUYINDA,"25,587"
GOMBA COUNTY,FDC,WITONZE JUMA BAGALAALIWO,799
KIBANDA COUNTY,NRM,BAITERA MAITEKI GEORGE,"16,406"
KIBANDA COUNTY,UPC,ELOU JOSEPH OBILENG,856
KIBANDA COUNTY,FDC,MUHUMUZA HAKIM HABIBU,"1,510"
KIBANDA COUNTY,INDEPENDENT,OTADA SAM OWOR AMOOTI,"19,731"
KIBOGA  WEST COUNTY,INDEPENDENT,KASIRYE NALUNGA RUTH,"4,376"
KIBOGA  WEST COUNTY,FDC,BULIME JOSEPH SSEBULIME,"2,946"
KIBOGA  WEST COUNTY,NRM,SSEMUGABA SAMUEL,"41,103"
LUUKA COUNTY,UFA,MAVUYO YOSE,195
LUUKA COUNTY,INDEPENDENT,NGOBI DAN K.,121
LUUKA COUNTY,INDEPENDENT,MULWANI FRANCIS,348
LUUKA COUNTY,INDEPENDENT,MAYENGO HERBERT,145
LUUKA COUNTY,INDEPENDENT,MUWEBWA HERBERT,229
LUUKA COUNTY,INDEPENDENT,BAGOOLE JOHN B. NGOBI,"29,950"
LUUKA COUNTY,INDEPENDENT,KAWANGUZI SOWEDI BILAALI,445
LUUKA COUNTY,UPC,WEKIYA DENIS,163
LUUKA COUNTY,DP,MWESIGWA FRED,189
LUUKA COUNTY,FDC,MPOOYA SETH,"1,228"
LUUKA COUNTY,NRM,MULUMBA MEDDIE,"15,209"
BUKOOLI ISLAND COUNTY,INDEPENDENT,ABOTT GEORGE OUMA,"2,715"
BUKOOLI ISLAND COUNTY,INDEPENDENT,HABEMBE OGUBI SAMUEL BEDA,199
BUKOOLI ISLAND COUNTY,INDEPENDENT,NAKYEMA SARAH,"1,859"
BUKOOLI ISLAND COUNTY,UPC,OKOTH CHARLES,68
BUKOOLI ISLAND COUNTY,NRM,OKEYOH PETER,"2,742"
BUKOOLI ISLAND COUNTY,FDC,NAMITI ROBERT BOB KANYONYI,464
BUKOOLI SOUTH COUNTY,UPC,WABWIRE KENNETH,168
BUKOOLI SOUTH COUNTY,FDC,WANDERA MARTIN,"3,907"
BUKOOLI SOUTH COUNTY,NRM,MAYENDE STEPHEN DEDE,"18,375"
BUKOOLI SOUTH COUNTY,INDEPENDENT,OCHENG PETER PATRICK,"16,754"
NTOROKO COUNTY,INDEPENDENT,BAHINDUKA MUGARRA MARTIN,"8,674"
NTOROKO COUNTY,NRM,ASIIMWE BRIAN CHRIS,"6,791"
NTOROKO COUNTY,DP,MUKWENDA MISAIRI,189
KASILO COUNTY,DP,AKOL JAMES PETER,225
KASILO COUNTY,INDEPENDENT,MAYEKU GEORGE WILLIAM,140
KASILO COUNTY,PPP,OKIROR AUGUSTINE,"1,769"
KASILO COUNTY,FDC,OKUPA ELIJAH,"15,241"
KASILO COUNTY,UPC,OPIO VALENTINE .T.,205
KASILO COUNTY,NRM,OPOLOT FRED,"7,917"
SERERE COUNTY,PPP,EBIARU JAMES,555
SERERE COUNTY,INDEPENDENT,KOLUO CHARLES PETER,"5,856"
SERERE COUNTY,FDC,OCHOLA STEPHEN,"13,652"
SERERE COUNTY,INDEPENDENT,ODONGO FRANCIS,664
SERERE COUNTY,UPC,OPIO JOSEPH LINOS,808
SERERE COUNTY,NRM,OTEKAT JOHN EMILLY,"13,132"
BUKOMANSIMBI COUNTY,INDEPENDENT,KIKOMEKO MATHIAS KAMYA,168
BUKOMANSIMBI COUNTY,INDEPENDENT,SERWADDA BAZIBUMBIRA ADAM,"1,775"
BUKOMANSIMBI COUNTY,NRM,LUBYAYI IDDI KISIKI,"17,873"
BUKOMANSIMBI COUNTY,DP,KIYINGI DEOGRATIUS,"18,318"
BUTAMBALA COUNTY,FDC,KASULE MASSY-MOSES,859
BUTAMBALA COUNTY,INDEPENDENT,SERUNJOGI EDIRISA KAWADWA,854
BUTAMBALA COUNTY,NRM,KIKULUKUNYU FAISAL SSALI,"13,188"
BUTAMBALA COUNTY,DP,MUWANGA KIVUMBI MUHAMMAD,"12,453"
KALUNGU EAST COUNTY,NRM,LULE UMAR MAWIYA,"8,655"
KALUNGU EAST COUNTY,FDC,TAMALE HANNINGTON MUGERWA,84
KALUNGU EAST COUNTY,JEEMA,SSENTONGO ABDULNOOR MUSA,80
KALUNGU EAST COUNTY,DP,MUKASA FRED DENIS MBIDDE,"6,305"
KALUNGU EAST COUNTY,INDEPENDENT,SSEMPIJJA VINCENT BAMULANGAKI,"9,285"
KALUNGU EAST COUNTY,INDEPENDENT,KOOBU GEORGE WILLIAM,353
KALUNGU EAST COUNTY,INDEPENDENT,MAYANJA LUKUMAN,148
KALUNGU WEST COUNTY,INDEPENDENT,MPONYE CHARLES SSEWANYANA,80
KALUNGU WEST COUNTY,INDEPENDENT,AGABA ALEX,184
KALUNGU WEST COUNTY,DP,SSEWUNGU JOSEPH GONZAGA,"10,133"
KALUNGU WEST COUNTY,JEEMA,MUTAZINDWA MUHAMAD,"1,351"
KALUNGU WEST COUNTY,UFA,BBAALE ABUBAKAR,833
KALUNGU WEST COUNTY,NRM,YIGA ANTHONY,"8,300"
SHEEMA COUNTY NORTH,INDEPENDENT,KABUYE JAFARI,430
SHEEMA COUNTY NORTH,INDEPENDENT,KAREMIRE ROBERT,"6,207"
SHEEMA COUNTY NORTH,FDC,JUMBE ABDU KYEYUNE,"1,019"
SHEEMA COUNTY NORTH,NRM,TUMWESIGYE ELIODA,"31,317"
SHEEMA COUNTY SOUTH,INDEPENDENT,RUBAZIBWA GODFREY,381
SHEEMA COUNTY SOUTH,INDEPENDENT,BAKAIHA APOLLO BANYIHEHO,854
SHEEMA COUNTY SOUTH,NRM,KATWIREMU YOROKAMU BATEGANA,"15,128"
SHEEMA COUNTY SOUTH,INDEPENDENT,MATSIKO EDMUND RURANGARANGA,"8,181"
SHEEMA COUNTY SOUTH,FDC,ARINAITWE EMMANUEL,"1,409"
KIBUKU COUNTY,INDEPENDENT,NDOBOLI JOHNATHAN MUGENI,148
KIBUKU COUNTY,INDEPENDENT,WAGIRA MOSES,117
KIBUKU COUNTY,INDEPENDENT,NAMUYANGU KACHA JENIPHER,"21,893"
KIBUKU COUNTY,UPC,MAGINO OBOTIE JONAH,111
KIBUKU COUNTY,DP,RAINER JULIET KAFIRE,"1,654"
KIBUKU COUNTY,NRM,KAMBA SALEH MOSES WILSON,"23,855"
KOLE COUNTY,INDEPENDENT,OLOBO LAMECH,"2,387"
KOLE COUNTY,FDC,OMARA FELIX OMARA,"1,632"
KOLE COUNTY,UPC,EBIL FRED,"23,312"
KOLE COUNTY,NRM,OTIM NAPE GEORGE WILLIAM,"19,792"
KWEEN COUNTY,INDEPENDENT,ARAPKISSA YEKKO JOHN,"9,112"
KWEEN COUNTY,FDC,CHEMUSTO TOM,405
KWEEN COUNTY,NRM,CHEMASWET ABDI FADHIL KISOS,"10,966"
KWEEN COUNTY,INDEPENDENT,CHESILYONG MELLA WILLY,"2,651"
BUKOTO COUNTY MID-WEST,INDEPENDENT,KASOZI JOSEPH MUYOMBA,"12,967"
BUKOTO COUNTY MID-WEST,INDEPENDENT,KAYIIRA ISAAC,"1,950"
BUKOTO COUNTY MID-WEST,DP,MUKASA MATHIAS,580
BUKOTO COUNTY MID-WEST,NRM,SEJJOBA ISAAC,"13,489"
BUKOTO COUNTY MID-WEST,FDC,TUMUHIMBISE NORMAN,157
BUKOTO COUNTY WEST,INDEPENDENT,BUNTU CHRISE,145
BUKOTO COUNTY WEST,FDC,KAAYA RAJAB,310
BUKOTO COUNTY WEST,NRM,KITATTA ABOUD,"11,634"
BUKOTO COUNTY WEST,JEEMA,SEMUJJU DAUDA MUGEJJERA,"1,941"
BUKOTO COUNTY WEST,LDT,SERUWUGE YASIN,266
BUKOTO COUNTY WEST,UFA,SSERUMPANISE JEREMY,211
BUKOTO COUNTY WEST,INDEPENDENT,SSEWANDIGI ERIC,"7,313"
BUKOTO COUNTYSOUTH,INDEPENDENT,BBAALE DAVID,"1,247"
BUKOTO COUNTYSOUTH,DP,BIREKERAAWO MATHIAS NSUBUGA,"9,356"
BUKOTO COUNTYSOUTH,INDEPENDENT,KATALANGA SSEMANDA JOSEPH,71
BUKOTO COUNTYSOUTH,PPP,KATO PAUL MUKASA,95
BUKOTO COUNTYSOUTH,UFA,LWANGA HERBERT WILSON,479
BUKOTO COUNTYSOUTH,NRM,MBABAALI MUYANJA,"11,785"
BUKOTO COUNTYSOUTH,CP,NALUWUGGE TONNY,116
BUKOTO COUNTYSOUTH,INDEPENDENT,SSENTAMU JULIUS,98
RUHINDA COUNTY,FDC,CHAPAA KARUHANGA KAHUUKU,"16,196"
RUHINDA COUNTY,INDEPENDENT,NAJUNA NJUNEKI GILBERT,"3,227"
RUHINDA COUNTY,UFA,MUGASIRA JOHNBOSCO,"1,273"
RUHINDA COUNTY,NRM,KAHINDA OTAFIRE,"33,377"
BOKORA COUNTY,FDC,ALIAU PAUL,"1,395"
BOKORA COUNTY,NRM,ACHIA TERENCE NACO,"14,747"
BOKORA COUNTY,INDEPENDENT,APUUN PATRICK LONGOLI,"4,387"
NGORA COUNTY,UFA,ENYUK PETER BENARD,234
NGORA COUNTY,NRM,ISAMAT ABRAHAM,"16,564"
NGORA COUNTY,UPC,AMEGA JULIUS OKWALINGA,659
NGORA COUNTY,FDC,EPETAIT FRANCIS,"16,741"
BUHWEJU COUNTY,FDC,MWIJUKYE FRANCIS,"10,399"
BUHWEJU COUNTY,INDEPENDENT,ARINAITWE DEUS,270
BUHWEJU COUNTY,INDEPENDENT,ASIIMWE JOHN,0
BUHWEJU COUNTY,NRM,BIRAARO EPHRAIM GANSHANGA,"21,383"
NWOYA COUNTY,NRM,TODWONG RICHARD,"6,491"
NWOYA COUNTY,UPC,ABUKHA ZERU OMINAWINY OKUMU,"1,383"
NWOYA COUNTY,DP,OKELLO GEOFFREY,"4,720"
NWOYA COUNTY,FDC,OYET SIMON,"4,732"
AGAGO COUNTY,UPC,OYO ALEX OKIDI,"2,701"
AGAGO COUNTY,FDC,OGENGA-LATIGO W. MORRIS,"14,993"
AGAGO COUNTY,INDEPENDENT,KOMAKECH CHARLES GATETE,"6,058"
AGAGO COUNTY,DP,OKIDI CHRISTOPHER,"1,275"
AGAGO COUNTY,NRM,OKOT JOHN AMOS,"20,244"
BUNYARUGURU COUNTY,INDEPENDENT,CADET BENJAMIN,"10,936"
BUNYARUGURU COUNTY,PPP,ABIINE ROBERT,37
BUNYARUGURU COUNTY,NRM,TINDAMANYIRE GAUDIOSO KABONDO,"9,495"
BUNYARUGURU COUNTY,FDC,MAGEZI MOSES,312
KATERERA COUNTY,NRM,KATOTO HATWIB,"13,933"
KATERERA COUNTY,FDC,TUKAHEBWA VERERIANO,"1,398"
